INSERT INTO "categoria" ("idCategoria", "nombre") VALUES
	('1', 'frenos'),
	('2', 'motor y embrague'),
	('3', 'filtros'),
	('4', 'bateria'),
	('5', 'neumatico'),
	('6', 'carroceria');

INSERT INTO "cliente" ("nif", "nombre", "apellido1", "apellido2", "fecha_nacimiento", "telefono", "email", "direccion_completa", "codigo_postal", "empresa") VALUES
	('33779353N', 'CARMELO', 'BARREIRO', 'GUIJARRO', '27/1/1991', '741010863', 'nh5hd5piv@lycos.at', '"Praza Horno, 45, 42206, Dévanos(Soria)"', '42206', 'FALSE'),
	('99862232G', 'DESIREE', 'MURILLO', 'VICENTE', '11/1/1984', '608175661', 'ek924ug331@talk21.com', '"Rambla Iglesia, 9, 05903, Santa Cruz del Valle(Ávila)"', '5903', 'FALSE'),
	('80210101Q', 'JOSE JAVIER', 'PAVON', 'GONZALO', '11/6/1956', '625177599', 'h2987i9hcr@msn.com', '"Avenida Horno, 31, 24053, Villafranca del Bierzo(León)"', '24053', 'FALSE'),
	('13976336H', 'ROMAN', 'ALCALDE', 'SANCHEZ', '17/10/1999', '683878098', '86xctkm1o@lycos.at', '"Calleja Nueva, 19, 37357, Poveda de las Cintas(Salamanca)"', '37357', 'FALSE'),
	('27655092F', 'JENNIFER', 'DAVILA', 'ALFARO', '10/7/1961', '765081385', 'msplp46hq@lycos.de', '"Sector Pedralbes, 86, 23667, Campillo de Arenas(Jaén)"', '23667', 'FALSE'),
	('44018630B', 'INMACULADA', 'CASTAÑO', 'PELAEZ', '20/6/1967', '724961692', '0ivy7lvga@email.com', '"Rambla Iglesia, 66, 49505, Moreruela de Tábara(Zamora)"', '49505', 'FALSE'),
	('D82030370', 'PAI SL', NULL, NULL, NULL, '649271475', '53ycsy9v7@whoever.com', '"Estrada Horno, 84, 43540, Capçanes(Tarragona)"', '43540', 'TRUE'),
	('03242252B', 'CHRISTIAN', 'DELGADO', 'PALACIOS', '10/8/1954', '701663205', 'k20dyhnj@lycos.es', '"Sector Horno, 18, 26349, Valdemadera(Rioja, La)"', '26349', 'FALSE'),
	('58979430R', 'JUAN VICENTE', 'DELGADO', 'VILLALBA', '16/11/1994', '747056537', 'wyh7p192@msn.com', '"Plaza Pedralbes, 38, 19905, San Andrés del Rey(Guadalajara)"', '19905', 'FALSE'),
	('27516922K', 'GUADALUPE', 'REQUENA', 'PLAZA', '4/3/1958', '795948499', '46ze2vwey@witty.com', '"Ronda Real, 68, 25706, Vallfogona de Balaguer(Lleida)"', '25706', 'FALSE'),
	('05264991S', 'IRINA', 'PALOMO', 'ESPINOSA', '28/4/1996', '738807257', 'b1ai546p@yahoo.es', '"Campo Iglesia, 56, 47908, Boecillo(Valladolid)"', '47908', 'FALSE'),
	('22647449Q', 'BLANCA', 'AMADOR', 'MARIN', '26/7/2000', '644400527', 'k601irmg7@aim.com', '"Plaza de España, 93, 47244, Villasexmir(Valladolid)"', '47244', 'FALSE'),
	('95164577F', 'ALEXANDER', 'LIN', 'GALLARDO', '20/7/1983', '716781887', '4a0pfclxk@witty.com', '"Barrio Mayor, 98, 35396, Oliva, La(Palmas, Las)"', '35396', 'FALSE'),
	('H97722805', 'MAXI SL', NULL, NULL, NULL, '795965550', 'w0zmxufpm@teacher.com', '"Estrada Iglesia, 37, 08167, Castellar del Riu(Barcelona)"', '8167', 'TRUE'),
	('61381574W', 'MERCEDES', 'CARDONA', 'SOSA', '7/2/1966', '608016595', '23notzd48@lycos.co.uk', '"Camino Iglesia, 74, 13619, Granátula de Calatrava(Ciudad Real)"', '13619', 'FALSE'),
	('60130097R', 'NEUS', 'ROCA', 'CACERES', '28/7/1984', '601041678', '5rw5jtmf8@libero.it', '"Passatge Horno, 31, 42820, Fuentecantos(Soria)"', '42820', 'FALSE'),
	('81014190W', 'JOSEP MARIA', 'CHACON', 'CABALLERO', '1/12/1972', '749356990', 'jndt5utjj@gmail.com', '"Estrada Nueva, 82, 11822, Línea de la Concepción, La(Cádiz)"', '11822', 'FALSE'),
	('23088803T', 'RICARDO', 'RIOS', 'RODRIGUEZ', '28/11/1959', '776300724', '2cdcxd56@scientist.com', '"Carrer Catalunya, 6, 44396, Alcaine(Teruel)"', '44396', 'FALSE'),
	('21948988L', 'AMPARO', 'RUIZ', 'VILLALBA', '22/7/1985', '659687658', 'm23f8utwr9@netscape.net', '"Carrer de España, 12, 37236, Sanchón de la Ribera(Salamanca)"', '37236', 'FALSE'),
	('73459553Z', 'UNAI', 'DUQUE', 'SAAVEDRA', '28/5/1967', '710241812', 'tz2c1xyb3@gmail.com', '"Carrera Real, 76, 19582, Albendiego(Guadalajara)"', '19582', 'FALSE'),
	('39345030B', 'BARBARA', 'VICENTE', 'DE LA CRUZ', '10/8/1960', '704487046', '7stimkt4n@btinternet.com', '"Urbanización Iglesia, 91, 45663, Casar de Escalona, El(Toledo)"', '45663', 'FALSE'),
	('74539963E', 'ADELAIDA', 'SERNA', 'ALFONSO', '17/9/1989', '667137840', 'h8kpakpgp@gmail.com', '"Jardines de España, 2, 48011, Zaratamo(Bizkaia)"', '48011', 'FALSE'),
	('43948611G', 'CONSOLACION', 'SALAZAR', 'ROCA', '19/11/1979', '672883585', '4f620xzza@lycos.es', '"Sector de España, 2, 28617, Navalafuente(Madrid)"', '28617', 'FALSE'),
	('27789754G', 'KEVIN', 'IGLESIAS', 'MOYANO', '31/9/1960', '712324159', 'hmzbxca7@hotmail.com', '"Ronda Pedralbes, 15, 08625, Sant Feliu Sasserra(Barcelona)"', '8625', 'FALSE'),
	('S4959342I', 'ANNA SA', NULL, NULL, NULL, '676923512', 'lw1qteltj@aol.com', '"Kalea Nueva, 84, 28913, Robregordo(Madrid)"', '28913', 'TRUE'),
	('37800276Y', 'MANUEL', 'SANTOS', 'SOLE', '17/3/1998', '675047828', 'gu7twyd6q@lycos.co.uk', '"Glorieta Madrid, 1, 46726, Andilla(Valencia/València)"', '46726', 'FALSE'),
	('29213741S', 'GUADALUPE', 'VILLAR', 'SANTOS', '24/6/1975', '603308486', '7o1ozm9scp@teacher.com', '"Ronda Mayor, 26, 43524, Vila-rodona(Tarragona)"', '43524', 'FALSE'),
	('83843220D', 'JUAN MANUEL', 'SALGUERO', 'WANG', '29/3/1982', '715961621', '0yp33q5rbl@gmail.com', '"Plaça Pedralbes, 15, 03136, Xaló(Alicante/Alacant)"', '3136', 'FALSE'),
	('20400356T', 'LEO', 'VICENTE', 'PENA', '21/7/1981', '641431674', 'le36tw9q3@talk21.com', '"Parque Real, 78, 28354, Velilla de San Antonio(Madrid)"', '28354', 'FALSE'),
	('68604671H', 'SANDRA', 'BORREGO', 'ESTEVE', '14/10/1971', '736205186', 'frmaapa5f7@lycos.de', '"Kalea Pedralbes, 37, 25706, Gimenells i el Pla de la Font(Lleida)"', '25706', 'FALSE'),
	('87996467P', 'MATIAS', 'VELAZQUEZ', 'SIMON', '23/10/1984', '791014311', '5ekqda45wf@libero.it', '"Sector de España, 7, 25487, Preixana(Lleida)"', '25487', 'FALSE'),
	('02843289Y', 'VICTORIA', 'GALVAN', 'RAMOS', '23/7/1995', '631496309', '53dwwu6u3g@lycos.de', '"Jardins Nueva, 89, 45678, Almendral de la Cañada(Toledo)"', '45678', 'FALSE'),
	('11393527V', 'JOSEP MARIA', 'DE LA CRUZ', 'BELMONTE', '15/7/1951', '787754426', 'nvmyprb6@hotmail.com', '"Bulevar Horno, 92, 33314, Aller(Asturias)"', '33314', 'FALSE'),
	('05111040A', 'HERMINIA', 'VILLAR', 'BARTOLOME', '17/2/1951', '695116650', 'cmf4a7cd@blu.it', '"Jardines Pedralbes, 42, 43098, Vila-seca(Tarragona)"', '43098', 'FALSE'),
	('72279261J', 'ALICIA', 'LOZANO', 'ARCE', '6/1/1962', '632427425', '62af2u0v1@iname.com', '"Parque Madrid, 51, 50826, Nonaspe(Zaragoza)"', '50826', 'FALSE'),
	('18801499B', 'ESTER', 'ROJO', 'BELTRAN', '30/1/1960', '628114132', 'n38uwanub@witty.com', '"Barrio Catalunya, 48, 10230, Carcaboso(Cáceres)"', '10230', 'FALSE'),
	('72037871P', 'JOSE FERNANDO', 'ROLDAN', 'SAIZ', '10/7/1954', '716787675', '6c6qqqc5g7@msn.com', '"Barrio Iglesia, 14, 05411, Bernuy-Zapardiel(Ávila)"', '5411', 'FALSE'),
	('66851731T', 'MARIA FERNANDA', 'RINCON', 'ZAMORA', '20/7/1993', '610367995', 'g0v9p487u@libero.it', '"Travesía Iglesia, 23, 20958, Zestoa(Gipuzkoa)"', '20958', 'FALSE'),
	('F90033721', 'MAGDA SL', NULL, NULL, NULL, '675910130', '666dn8na@whoever.com', '"Calle Madrid, 9, 47659, Villabrágima(Valladolid)"', '47659', 'TRUE'),
	('33025903L', 'MARIA TERESA', 'VALDES', 'SOLA', '24/10/1974', '737128313', 'kjeggslrm@scientist.com', '"Enparantza Catalunya, 60, 25159, Almatret(Lleida)"', '25159', 'FALSE'),
	('26736844B', 'VIOLETA', 'PEINADO', 'PASTOR', '4/10/1963', '636728564', 'vdopj050k@blu.it', '"Camino de España, 53, 47695, Castrodeza(Valladolid)"', '47695', 'FALSE'),
	('45625627K', 'ANTONIO JAVIER', 'VALLE', 'VAQUERO', '24/1/1960', '607395183', 'q5thyj8p@btinternet.com', '"Estrada Mayor, 66, 37387, Vellés, La(Salamanca)"', '37387', 'FALSE'),
	('22601006X', 'MATILDE', 'MURILLO', 'ZAMORA', '24/2/1985', '781700186', 'o3f6nv45w@journalism.com', '"Carretera Real, 1, 12537, Artana(Castellón/Castelló)"', '12537', 'FALSE'),
	('38926825S', 'MARTI', 'GALVEZ', 'PIZARRO', '16/10/1970', '608552282', 'plx3axhq9@btinternet.com', '"Glorieta de España, 29, 05752, Vega de Santa María(Ávila)"', '5752', 'FALSE'),
	('38311312M', 'JAIME', 'IZQUIERDO', 'SAAVEDRA', '21/10/1963', '725004118', '37yhc8prlp@whoever.com', '"Urbanización Iglesia, 15, 33604, Siero(Asturias)"', '33604', 'FALSE'),
	('54738964E', 'FRANCESC', 'VELA', 'SALCEDO', '6/6/1961', '725869855', 'ty2hkxuye@lycos.it', '"Pasaje de España, 74, 10068, Benquerencia(Cáceres)"', '10068', 'FALSE'),
	('E91466573', 'TOMASA SL', NULL, NULL, NULL, '789779355', 'kqj025ie1@btinternet.com', '"Pasaje Real, 25, 26707, Santurdejo(Rioja, La)"', '26707', 'TRUE'),
	('29001552R', 'GISELA', 'GALLARDO', 'CASTELLANOS', '7/3/1951', '613313360', 'isqbu4izdz@earthling.net', '"Barrio Iglesia, 28, 27865, Taboada(Lugo)"', '27865', 'FALSE'),
	('01789998T', 'AINA', 'BERMEJO', 'AZNAR', '2/5/1975', '704493806', 'j06shuu22z@caramail.com', '"Poblado Mayor, 63, 10700, Hinojal(Cáceres)"', '10700', 'FALSE'),
	('12888359X', 'BERNARDO', 'PAVON', 'NOGUERA', '23/12/1967', '624817466', '3fexetkv7@iname.com', '"Placeta Nueva, 42, 06298, Coronada, La(Badajoz)"', '6298', 'FALSE'),
	('42836885Y', 'JESUS MANUEL', 'VELA', 'LUQUE', '9/8/1971', '763387204', 'jttbzilw@whoever.com', '"Travessera Pedralbes, 8, 42056, Deza(Soria)"', '42056', 'FALSE'),
	('75798810X', 'ESMERALDA', 'CORDOBA', 'GALINDO', '20/2/1989', '765988397', 'a50iacswb@unforgettable.com', '"Camí Catalunya, 62, 42314, Tardelcuende(Soria)"', '42314', 'FALSE'),
	('91715188C', 'PAU', 'MOYA', 'CARRASCO', '15/3/1963', '684929579', 'knnbsewt@netscape.net', '"Enparantza Madrid, 86, 05615, Manjabálago y Ortigosa de Rioalmar(Ávila)"', '5615', 'FALSE'),
	('79698157Y', 'ARMANDO', 'OCHOA', 'MOHAMED', '7/9/1975', '627206627', 'x3fkqqcz@lycos.co.uk', '"Edificio de España, 71, 24124, Maraña(León)"', '24124', 'FALSE'),
	('F49637648', 'ISMAOL', NULL, NULL, NULL, '636702466', 's61z68y7n@yahoo.es', '"Alameda de España, 88, 44085, Castellote(Teruel)"', '44085', 'TRUE'),
	('80517906N', 'IZAN', 'MORAL', 'GIMENO', '4/3/1977', '753460662', '4dhmfv27@lycos.es', '"Ronda Catalunya, 10, 23184, Villardompardo(Jaén)"', '23184', 'FALSE'),
	('50380872Q', 'REBECA', 'BRAVO', 'PLAZA', '3/6/1970', '651936436', 'qxw64jnnc@scientist.com', '"Jardins Pedralbes, 91, 07247, Estellencs(Balears, Illes)"', '7247', 'FALSE'),
	('18927552R', 'MILAGROS', 'ALCANTARA', 'MONTES', '31/7/1963', '661143569', 'dx30brvo7m@iname.com', '"Parque Real, 36, 47721, Olivares de Duero(Valladolid)"', '47721', 'FALSE'),
	('07843549C', 'MERITXELL', 'ESCOBAR', 'VILLANUEVA', '3/3/1988', '736215409', 'oo1hbuyb7@msn.com', '"Ronda Horno, 91, 34131, Congosto de Valdavia(Palencia)"', '34131', 'FALSE'),
	('07152774G', 'EMILIO', 'BONILLA', 'CARVAJAL', '31/11/1955', '740156439', 'k201jpc7m@talk21.com', '"Estrada Catalunya, 58, 34641, Palencia(Palencia)"', '34641', 'FALSE'),
	('23094436K', 'JUAN', 'VILLEGAS', 'LLORENTE', '31/10/1968', '618496839', 'n8qctbh5@teacher.com', '"Sector Catalunya, 93, 19731, Arbeteta(Guadalajara)"', '19731', 'FALSE'),
	('62602000W', 'MARIA JOSEFA', 'ESTEBAN', 'PAZOS', '11/9/1961', '652187994', 'w3bpyak6cd@lycos.at', '"Paseo Nueva, 44, 17719, Campelles(Girona)"', '17719', 'FALSE'),
	('F55235899', 'JAMUCO', NULL, NULL, NULL, '628422828', 'pwi3swkzz@lycos.es', '"Calle Horno, 17, 02935, Alcalá del Júcar(Albacete)"', '2935', 'TRUE'),
	('48686756B', 'FLORENTINA', 'GIMENO', 'MATEO', '16/7/1978', '781982176', 'v9llrfs6k@yahoo.com', '"Avenida Madrid, 82, 29563, Almargen(Málaga)"', '29563', 'FALSE'),
	('60686130D', 'MIGUEL', 'MARTOS', 'LUQUE', '5/3/1950', '781402155', '1afd4mte4@unforgettable.com', '"Praza Catalunya, 21, 17630, Agullana(Girona)"', '17630', 'FALSE'),
	('39483729C', 'LUCIANO', 'REAL', 'AGUILERA', '31/3/1958', '761593778', 'f6r4wxzisp@lycos.at', '"Avenida Nueva, 81, 16242, Sotorribas(Cuenca)"', '16242', 'FALSE'),
	('19699760F', 'CARLOS JAVIER', 'ALCALA', 'DOMENECH', '10/8/1953', '633865275', 'gfz829qa@iname.com', '"Barrio Pedralbes, 40, 25924, Biosca(Lleida)"', '25924', 'FALSE'),
	('62279349H', 'AGUSTIN', 'ARCE', 'SANCHEZ', '11/8/1999', '723561731', 'pcq2dzqzo@mail.com', '"Alameda Real, 94, 44910, Tornos(Teruel)"', '44910', 'FALSE'),
	('84355522D', 'TOMASA', 'VENTURA', 'SERRANO', '3/9/1999', '798396326', 'lg6sn2dr8l@libero.it', '"Placeta de España, 49, 18406, Albuñuelas(Granada)"', '18406', 'FALSE'),
	('27357608M', 'PASCUAL', 'ROSA', 'PARRA', '17/2/1959', '786115979', '68w8krg14j@yahoo.es', '"Travesía Madrid, 78, 37185, Serradilla del Llano(Salamanca)"', '37185', 'FALSE'),
	('46461965X', 'MARIA CANDELARIA', 'CARRION', 'QUINTERO', '4/7/1966', '775997129', 'm87006zrj@scientist.com', '"Avinguda Iglesia, 20, 19263, Viana de Jadraque(Guadalajara)"', '19263', 'FALSE'),
	('D71794689', 'NICMO', NULL, NULL, NULL, '740380302', '42n11eqxe@iname.com', '"Avinguda Real, 75, 29839, Torrox(Málaga)"', '29839', 'TRUE'),
	('18244327Z', 'MARIA NIEVES', 'TOLEDO', 'REDONDO', '10/4/1950', '793744215', '844yuderg@mail.com', '"Travessera Pedralbes, 4, 43873, Vimbodí i Poblet(Tarragona)"', '43873', 'FALSE'),
	('32097902E', 'DANIEL', 'PEREIRA', 'SALCEDO', '28/7/1953', '748502381', 'spe1rr7db@usa.com', '"Travessera Real, 72, 41025, San Nicolás del Puerto(Sevilla)"', '41025', 'FALSE'),
	('15528535Q', 'AINA', 'SANTAMARIA', 'AVILA', '9/5/1980', '747915404', 's84ks7hnm@hotmail.com', '"Calleja Pedralbes, 97, 04638, Alcóntar(Almería)"', '4638', 'FALSE'),
	('46802383M', 'RAMIRO', 'ROSALES', 'ROVIRA', '25/3/1998', '718302922', 'a44j56nn@email.com', '"Plazuela Nueva, 3, 23042, Quesada(Jaén)"', '23042', 'FALSE'),
	('64972460J', 'JUANA MARIA', 'ROIG', 'PINTO', '8/10/1970', '721973711', '8mxl15z7b@msn.co.uk', '"Travessera Horno, 55, 16952, Solera de Gabaldón(Cuenca)"', '16952', 'FALSE'),
	('68514616P', 'ISIDORO', 'QUINTANA', 'CASTILLA', '28/12/1994', '733347747', '0kv6t82v6@email.com', '"Calle Iglesia, 72, 22612, Alcalá del Obispo(Huesca)"', '22612', 'FALSE'),
	('65664512H', 'ABEL', 'RICO', 'PEÑA', '9/10/1976', '609667637', 'lc4p48sq@hotmail.com', '"Camino Iglesia, 5, 48390, Bedia(Bizkaia)"', '48390', 'FALSE'),
	('90156125N', 'OSCAR', 'CARBALLO', 'CALLEJA', '27/11/1999', '798416307', '5ru6mbbxef@btinternet.com', '"Praza Mayor, 1, 50905, Santa Cruz de Grío(Zaragoza)"', '50905', 'FALSE'),
	('44678471M', 'IRENE', 'CASTELLANOS', 'CAMPOS', '12/3/2001', '785385838', 'zymkbzof3f@hotmail.com', '"Polígono Iglesia, 27, 15061, Pobra do Caramiñal, A(Coruña, A)"', '15061', 'FALSE'),
	('40963238P', 'ALFREDO', 'MIRANDA', 'SANTANA', '16/6/1969', '776583942', 'cco75npgo0@aol.com', '"Campo Pedralbes, 82, 04777, Macael(Almería)"', '4777', 'FALSE'),
	('72329994P', 'RICARDO', 'CABELLO', 'LORENTE', '1/6/1981', '728503276', '637ddx2xvg@blu.it', '"Cuesta Pedralbes, 20, 18738, Colomera(Granada)"', '18738', 'FALSE'),
	('E24462947', 'SAJ PUL SA', NULL, NULL, NULL, '755442604', '7icf8tven@hotmail.com', '"Parque Iglesia, 83, 49921, Mahide(Zamora)"', '49921', 'TRUE'),
	('92022420H', 'BARTOLOME', 'SAINZ', 'NICOLAS', '20/4/1967', '743608213', 'wxsuluphy@writeme.com', '"Poblado Nueva, 43, 45769, Valdeverdeja(Toledo)"', '45769', 'FALSE'),
	('38936937F', 'LUIS ANGEL', 'CASTILLO', 'PIZARRO', '22/5/1976', '639487342', 'm8sl3l6aj@journalism.com', '"Poblado de España, 66, 18543, Orce(Granada)"', '18543', 'FALSE'),
	('19836190R', 'CONSOLACION', 'TOMAS', 'BARTOLOME', '7/3/1985', '793516559', 'rjo0iasw@talk21.com', '"Carrer de España, 9, 08813, Cercs(Barcelona)"', '8813', 'FALSE'),
	('22026919A', 'AMAIA', 'AGUDO', 'GODOY', '3/1/1961', '645130471', '4kwajfhlcf@email.com', '"Pasaje Iglesia, 72, 19212, Milmarcos(Guadalajara)"', '19212', 'FALSE'),
	('55158065V', 'CARMELO', 'SILVA', 'CARRASCO', '4/4/1975', '784786604', '684dbdfx@aol.com', '"Parque Horno, 21, 47614, Melgar de Abajo(Valladolid)"', '47614', 'FALSE'),
	('49027813R', 'MARIA INES', 'MESA', 'CORRAL', '2/6/1994', '785427210', 'o49iusf5n9@scientist.com', '"Barrio Catalunya, 62, 45691, Mascaraque(Toledo)"', '45691', 'FALSE'),
	('06570957H', 'ELSA', 'ROBLES', 'VERA', '2/8/1994', '678777111', 's6l4r8wjl@msn.com', '"Edificio Real, 29, 33414, Degaña(Asturias)"', '33414', 'FALSE'),
	('14434466B', 'LUCAS', 'PAEZ', 'OTERO', '16/1/1981', '641503237', 'dnq4c00f3@scientist.com', '"Kalea Mayor, 75, 08331, Franqueses del Vallès, Les(Barcelona)"', '8331', 'FALSE'),
	('03989876C', 'SAID', 'AMAYA', 'ZAMORA', '10/2/1953', '682438320', 'nm8r8e528@blu.it', '"Plaza Real, 73, 12143, Cabanes(Castellón/Castelló)"', '12143', 'FALSE'),
	('31771319Q', 'LUIS FERNANDO', 'POZO', 'ROSADO', '28/10/1989', '672280173', '58lwd5fz@talk21.com', '"Via Iglesia, 15, 46129, Albaida(Valencia/València)"', '46129', 'FALSE'),
	('28770168C', 'CONSUELO', 'CATALAN', 'SAAVEDRA', '19/11/1959', '768931672', 'hiuk1b04u@earthling.net', '"Campo Mayor, 81, 08768, Sant Sadurní d\Anoia(Barcelona)"', '8768', 'FALSE'),
	('W4696065D', 'FILOCAMPOL SL', NULL, NULL, NULL, '672268528', 'mlm00nu49@lycos.it', '"Carretera Catalunya, 43, 05491, Aldehuela, La(Ávila)"', '5491', 'TRUE'),
	('16918693P', 'VICTORIA', 'PLAZA', 'ROMERA', '29/4/1982', '706120082', '4p4rwy95x@libero.it', '"Avenida Nueva, 34, 10189, Aldea del Cano(Cáceres)"', '10189', 'FALSE'),
	('44679430K', 'GEMA', 'PONS', 'SEVILLA', '15/11/1959', '760488753', '4utd65jwy@usa.com', '"Cuesta Iglesia, 78, 49869, Villalobos(Zamora)"', '49869', 'FALSE'),
	('01903267V', 'GONZALO', 'QUINTERO', 'FLORES', '1/1/1977', '702746858', '6bcx2knbg@lycos.nl', '"Jardins Nueva, 68, 04143, Vélez-Rubio(Almería)"', '4143', 'FALSE'),
	('40674986S', 'MIREIA', 'RIVAS', 'ALCARAZ', '26/6/1993', '711677522', 'cmyffi13i@post.com', '"Travessera Real, 34, 03178, Llíber(Alicante/Alacant)"', '3178', 'FALSE'),
	('90726543F', 'JUAN MIGUEL', 'PUENTE', 'GIMENO', '11/9/1986', '791891276', 'twi8n7xoi@witty.com', '"Barrio Pedralbes, 63, 44595, Josa(Teruel)"', '44595', 'FALSE'),
	('14488011N', 'AURELIO', 'NAVARRO', 'LAZARO', '28/8/1961', '638236048', '1eu48lrv8@aol.com', '"Polígono de España, 92, 28870, Parla(Madrid)"', '28870', 'FALSE'),
	('81643172A', 'LUIS ANTONIO', 'PADILLA', 'ANTON', '25/3/1964', '602387898', '1mjcgpl2a@netscape.net', '"Bulevar Iglesia, 2, 09904, Olmedillo de Roa(Burgos)"', '9904', 'FALSE'),
	('53584143P', 'VERONICA', 'GARRIDO', 'SALGADO', '11/5/1997', '725162121', '5l22sa6dr@lycos.co.uk', '"Plaza Madrid, 76, 47513, Portillo(Valladolid)"', '47513', 'FALSE'),
	('22429821Z', 'MARIA INMACULADA', 'BERMUDEZ', 'DOMENECH', '4/7/1959', '623903850', '8orw9ksn2@witty.com', '"Carretera Catalunya, 36, 04317, Tres Villas, Las(Almería)"', '4317', 'FALSE'),
	('42061040C', 'JOSE ALBERTO', 'CAMPOS', 'PIÑERO', '11/7/1984', '750063974', '4ev5jtvzq@gmail.com', '"Plazuela Iglesia, 61, 49065, Villárdiga(Zamora)"', '49065', 'FALSE'),
	('56497613E', 'PILAR', 'COLLADO', 'PENA', '17/4/1950', '728280183', '4yd1gzaok@lycos.it', '"Urbanización Pedralbes, 47, 31345, Sangüesa/Zangoza(Navarra)"', '31345', 'FALSE');

INSERT INTO coche (numBastidor, matricula, marca, modelo, anioMatriculacion) VALUES
	('1GYEK63N64R928188', '7878MJJ', 'Mercedes-Benz', 'S-Class', '2001'),
	('5N1AZ2MH8FN810313', '4009MNB', 'Lincoln', 'Navigator L', '2012'),
	('1G4GB5GRXCF703788', '0225FBL', 'Ford', 'Club Wagon', '1997'),
	('KNDJN2A22F7704136', '3469FHJ', 'Saab', '9000', '1989'),
	('1G4HC5EM9BU188320', '8697HKB', 'Buick', 'Regal', '1989'),
	('3D73Y3HL0AG438610', '1492CBL', 'Plymouth', 'Acclaim', '1995'),
	('1FTEW1C84AF104451', '5904FGC', 'Mercury', 'Capri', '1985'),
	('3D7JB1EK1BG719437', '1996NBG', 'Mazda', 'B-Series Plus', '2002'),
	('1HGCP2E31CA918654', '0109FHC', 'Cadillac', 'Escalade EXT', '2012'),
	('2G4WS55J551569923', '0062HLL', 'Volvo', '960', '1997'),
	('WDDGF5EB7BA903642', '7952CNK', 'Dodge', 'Colt', '1994'),
	('1VWAH7A33DC169543', '6385MBG', 'Toyota', '4Runner', '2007'),
	('JN1CV6EK9FM532959', '5482DDK', 'Ford', 'F-Series', '1992'),
	('WAUBG78E66A378949', '4839CGJ', 'Mercedes-Benz', 'CLS-Class', '2009'),
	('4USDU53557L949802', '0508CGL', 'Dodge', 'Dakota', '2009'),
	('1G6DM8EG3A0827523', '1318BJJ', 'Lexus', 'RX', '2000'),
	('WVWDB7AJ1EW776749', '7213NMD', 'BMW', 'X5', '2004'),
	('WAUUFAFHXAN803581', '3411FDG', 'Plymouth', 'Voyager', '1996'),
	('1FAHP3HN0AW947480', '1596LGC', 'Porsche', '911', '2013'),
	('5N1AN0NU6FN997143', '9385CBF', 'Toyota', 'Camry', '2001'),
	('1GD12YEG3FF757317', '3739KFF', 'Volvo', 'XC70', '2006'),
	('3D73M4CL4BG643471', '6577BFJ', 'Ford', 'Thunderbird', '1994'),
	('3C6TD5NT8CG227428', '0022LCC', 'Acura', 'TL', '1998'),
	('WBAUL7C53DV346476', '5279DDH', 'Scion', 'tC', '2013'),
	('WAUVVAFR5CA104742', '3241GCK', 'Toyota', 'Camry Hybrid', '2012'),
	('1D7RE3BK6BS701583', '2166HJF', 'Kia', 'Optima', '2003'),
	('1G6DF8EY8B0976000', '1185FJJ', 'Nissan', 'Maxima', '2012'),
	('5NPDH4AE7BH663292', '5847BKB', 'Honda', 'CR-Z', '2012'),
	('WAUML54B92N203702', '5073HLC', 'Isuzu', 'Ascender', '2003'),
	('3VWML7AJ1DM056473', '3539CFC', 'Mazda', '626', '1985'),
	('WAUFL44D82N898811', '6966MJN', 'GMC', 'Canyon', '2006'),
	('1GD312CG9BF571335', '4848CDB', 'GMC', '2500 Club Coupe', '1997'),
	('4A31K5DF8CE577406', '1825FFH', 'Toyota', 'Tacoma', '1995'),
	('JH4CU4F66CC708730', '8847HJJ', 'Land Rover', 'Range Rover', '1998'),
	('1D7RB1GP8AS632394', '4834BBN', 'Buick', 'Park Avenue', '2001'),
	('3D73Y4ELXAG000574', '2116BNM', 'Land Rover', 'Discovery', '1998'),
	('WAUXL68E14A366300', '8591JHB', 'Aston Martin', 'Vanquish S', '2006'),
	('2HNYD18652H730789', '9560MKN', 'Land Rover', 'Defender', '1993'),
	('1FTSW3B56AE512316', '7957MLF', 'Nissan', 'Pathfinder', '1994'),
	('5GAKRBEDXCJ468050', '4165LMF', 'Volkswagen', 'Eos', '2007'),
	('2HKRM3H58FH210693', '4932DBK', 'Chevrolet', 'Express 1500', '2003'),
	('SCFAD02AX6G935686', '5576BNK', 'Volvo', 'C70', '2001'),
	('5TDBW5G11AS435188', '7914MKC', 'Ford', 'F150', '1995'),
	('WAUHFAFL8EA430429', '9120LFK', 'Audi', 'S6', '1995'),
	('3D73M3HLXBG392720', '7142JNC', 'Ford', 'F250', '1999'),
	('1FTEW1CW1AK177945', '8413JBD', 'Ford', 'ZX2', '2001'),
	('1G6DA67V590131752', '0361NFM', 'Lotus', 'Esprit', '1997'),
	('JTDKDTB3XC1458360', '1133GKH', 'Acura', 'TSX', '2004'),
	('1G6AL5SX8D0993386', '9722NLD', 'GMC', '3500', '1992'),
	('1C3CDZABXCN273769', '9177LJF', 'Lexus', 'SC', '2005'),
	('5UXFG8C54EL838810', '7865BHC', 'Maserati', 'GranTurismo', '2008'),
	('KNAGG4A88A5585305', '4557HFL', 'Subaru', 'Outback', '2000'),
	('1C3BCBGG4CN558444', '4294CCM', 'Mazda', '626', '1983'),
	('1G6DA8EY4B0294553', '1968MMC', 'Dodge', 'Ram 3500', '2003'),
	('WAUHFAFLXFN295951', '6801HHF', 'Chrysler', 'New Yorker', '1995'),
	('WBACK73401L061733', '3682FBJ', 'Land Rover', 'Range Rover', '1995'),
	('WA1AV94L47D915459', '0344NBH', 'Mercury', 'Topaz', '1992'),
	('1FMJK1F5XCE604646', '5960JJK', 'BMW', '650', '2006'),
	('WAUKFBFL0BA418380', '8990HHJ', 'Acura', 'TSX', '2008'),
	('3VW467ATXCM310687', '6070DFJ', 'Volkswagen', 'Jetta', '1996'),
	('WVWED7AJ6CW796393', '1507DJL', 'Land Rover', 'Defender 110', '1993'),
	('1FTWW3DY9AE011770', '7175MMJ', 'Eagle', 'Vision', '1996'),
	('WAUSH98E37A298454', '2861KHG', 'Nissan', '370Z', '2009'),
	('1GKKRNED7CJ451968', '0607DDB', 'Mercedes-Benz', '300CE', '1993'),
	('2C4RDGEG9ER931362', '2180NDM', 'Mercedes-Benz', '300SD', '1992'),
	('WBAPM5C51BA304908', '4636GMJ', 'Plymouth', 'Acclaim', '1994'),
	('4T1BF1FK6EU922094', '6392JFF', 'GMC', '1500 Club Coupe', '1997'),
	('1GKS1AEC5FR214117', '8151JHC', 'Isuzu', 'Rodeo', '2001'),
	('1FM5K7B84EG408519', '3739NNB', 'Ford', 'Escort', '1987'),
	('JH4NA21623T315823', '2949BJD', 'Mazda', 'MPV', '1992'),
	('WBABN53433J292258', '1699LMB', 'Volkswagen', 'CC', '2012'),
	('SCFHDDAT3EG780907', '7069LFG', 'Hillman', 'Minx Magnificent', '1950'),
	('2B3CA4CD2AH010124', '6340GHB', 'Saab', '9-2X', '2005'),
	('KNAGM4A7XB5155244', '3511GDC', 'Chevrolet', 'Colorado', '2009'),
	('1G4HP52K04U062146', '0616NHC', 'Lincoln', 'Town Car', '1993'),
	('1GKS1CKJ1FR282347', '9614DFD', 'Volkswagen', 'Rabbit', '2010'),
	('WAUAF98E77A421349', '3965NGH', 'Ford', 'Aerostar', '1991'),
	('WDDPK4HA4FF563285', '0527KKF', 'Chevrolet', 'Impala', '1994'),
	('WAUDFAFL0DA284198', '9423LMN', 'Mercedes-Benz', '300SE', '1992'),
	('WAUKFAFL1EN118984', '8423GJJ', 'Toyota', 'Paseo', '1994'),
	('4T1BF3EKXBU175947', '2660MDL', 'Oldsmobile', 'Intrigue', '2001'),
	('1GKS1HE01DR672281', '4926KBK', 'Subaru', 'Legacy', '1997'),
	('3GYFK66NX6G966204', '5461GFM', 'BMW', 'X6 M', '2012'),
	('JH4KB16608C103156', '5626BHG', 'Pontiac', 'Grand Am', '1989'),
	('JN1BJ0HP1EM824616', '9336BNH', 'Hyundai', 'Tiburon', '2007'),
	('WA1LMBFE0AD985324', '0197FBC', 'Chrysler', '300', '2010'),
	('SCBBB7ZH1BC608795', '7332NGJ', 'Audi', 'A8', '2004'),
	('JTDZN3EU5D3412697', '8971LMD', 'Fairthorpe', 'Rockette', '1960'),
	('WBS3U9C59FP754195', '3356DCK', 'Jaguar', 'XK', '2006'),
	('WBABN53442P675797', '7368GCN', 'Toyota', 'Land Cruiser', '2000'),
	('KNAGM4AD7F5209160', '4517MHD', 'Geo', 'Metro', '1992'),
	('1FTSS3EL8AD945941', '1224GGJ', 'Jaguar', 'S-Type', '2008'),
	('1FTEX1CW4AK172705', '4982KMC', 'Lexus', 'GX', '2010'),
	('1GYS4JEF5ER784933', '4131BDJ', 'GMC', 'Savana 2500', '2004'),
	('1GYS3TKJ8FR559317', '8404JHJ', 'GMC', 'Rally Wagon 2500', '1993'),
	('WAU3FAFR9CA157481', '7164BKH', 'Audi', 'S4', '2004'),
	('WBAYG0C51DD302026', '3064HLK', 'Nissan', 'JUKE', '2012'),
	('5GAKRAKD9FJ356536', '1427CDL', 'Kia', 'Sorento', '2006'),
	('WAUVC68E22A083036', '3587HNG', 'Chevrolet', '2500', '1996'),
	('JA4AP3AU1CZ874290', '9906MFL', 'Ford', 'Ranger', '1998'),
	('WBXPC93419W775445', '0688MJL', 'Acura', 'Legend', '1993'),
	('WAUKF78E18A584749', '8269MHH', 'Plymouth', 'Voyager', '1999'),
	('5J6TF1H32FL972331', '8190GMF', 'Ford', 'E350', '2010'),
	('1G6YV36A575564071', '0645BHB', 'BMW', '645', '2004'),
	('1D4RE5GG8BC624531', '6947NJM', 'BMW', '3 Series', '2010'),
	('WVGAV7AX9CW208109', '8679LCB', 'Hyundai', 'Elantra', '1997'),
	('WBAKE3C52CE699915', '6697HDD', 'Volvo', 'XC90', '2009'),
	('YV126MFB5F1061719', '0144FNC', 'Dodge', 'Dakota Club', '2002'),
	('1G6DS8E38C0116891', '5739DMG', 'Audi', 'Q5', '2012'),
	('WAUAH74F58N948104', '5543CGM', 'Subaru', 'Forester', '2006'),
	('4JGCB2FEXCA802426', '9110KHF', 'Chevrolet', 'Silverado 1500', '2007'),
	('3G5DA03E74S209988', '4713NCM', 'Nissan', 'Sentra', '1995'),
	('2B3CK5CT2AH120830', '0840LCN', 'GMC', 'Rally Wagon 3500', '1993'),
	('4JGCB2FB7AA100440', '1435CJL', 'Audi', 'A8', '2007'),
	('WBAKE5C53BE389797', '6181KMF', 'Mercury', 'Milan', '2007'),
	('TRURD38J991076016', '2835GHJ', 'Mercedes-Benz', 'W201', '1985'),
	('WAUBFCFLXCN486203', '0407MMB', 'BMW', 'X5', '2009'),
	('3VWML7AJ4DM585125', '3885FJB', 'Bentley', 'Continental Super', '2010'),
	('WAUAFAFL9EN234350', '7764LCK', 'Pontiac', 'GTO', '1966'),
	('YV1952AS8D1018390', '7716DKH', 'Acura', 'Integra', '1996'),
	('WVWAA7AJ5BW011626', '6275KGH', 'Ford', 'Lightning', '1994'),
	('1G6AH5SX4E0942549', '3060LBG', 'Subaru', 'Impreza', '1996'),
	('19XFA1E55BE459200', '7733NJC', 'Saab', '900', '1992'),
	('WVWAN7AN4DE189320', '6798CFK', 'Acura', 'TL', '2008'),
	('KMHFH4JG5FA008728', '7377DDK', 'MINI', 'MINI', '2002'),
	('5NPDH4AE6CH193192', '7954KGC', 'Acura', 'TL', '2008'),
	('WAUCVAFR5AA060536', '0796BCK', 'Chevrolet', 'Cavalier', '1998'),
	('3GYFNBE3XES984004', '1071NLK', 'Cadillac', 'CTS', '2010'),
	('2G4WB55K811941810', '0056KLB', 'Isuzu', 'Rodeo Sport', '2001'),
	('3GYFNGE34ES617984', '1584NDD', 'Audi', 'S4', '2002'),
	('3D73Y3HL2BG315800', '1637KDK', 'Subaru', 'Legacy', '2006'),
	('1G4HE5EM8AU971802', '2276DGF', 'Dodge', 'Stealth', '1996'),
	('1FBNE3BL8DD377045', '6529HDM', 'Plymouth', 'Breeze', '1999'),
	('1G6AH5R33D0041139', '7655FJC', 'Nissan', 'Xterra', '2002'),
	('WBASP4C59AC431534', '5324GLG', 'Nissan', '240SX', '1992'),
	('4T1BF1FK1FU068925', '6798NLG', 'Ford', 'F150', '2008'),
	('SAJWJ0EF6E8438097', '2032HKK', 'Land Rover', 'Range Rover', '2001'),
	('JH4CU25609C723545', '7656HBB', 'Chrysler', 'PT Cruiser', '2004'),
	('WAUEG78E96A780980', '9380DJD', 'Land Rover', 'Range Rover', '1999'),
	('WDDGF4HB0EG602508', '7894MNG', 'Nissan', '240SX', '1996'),
	('19VDE3F7XEE729073', '6745JGM', 'Mercedes-Benz', 'S-Class', '1994'),
	('4A31K5DF1CE746603', '0878HCH', 'Pontiac', 'Firebird Formula', '1999'),
	('KMHTC6AD4EU034916', '6186HFN', 'Nissan', '240SX', '1993'),
	('3C63DRGL5CG514469', '7066HMF', 'Land Rover', 'Defender', '1997'),
	('WAUSF78K99A174109', '7535FFK', 'Lexus', 'ES', '2002'),
	('3VWML7AJ4DM307857', '8580DKN', 'Maserati', 'Spyder', '2003'),
	('WAUBF78E18A878684', '6605DHC', 'Suzuki', 'XL-7', '2007'),
	('2T3BF4DV4AW302781', '9603FND', 'Honda', 'Accord', '1990'),
	('1FTWW3A57AE049783', '8960NFF', 'Nissan', 'Maxima', '2005'),
	('KNAGM4ADXD5076990', '4554LCL', 'Volvo', 'C30', '2013'),
	('3GYFNAE38CS268516', '3194NJM', 'Acura', 'Integra', '1995'),
	('1G6DD67V790165490', '9258DBN', 'BMW', 'Alpina B7', '2008'),
	('SCFEFBBCXAG788318', '1270FFD', 'Mitsubishi', 'Chariot', '1987'),
	('5N1AN0NU3EN350407', '7587NJK', 'Nissan', 'Quest', '2000'),
	('1N6AA0CCXFN129492', '5616HMK', 'Isuzu', 'Rodeo', '1999'),
	('WBAEK73435B352523', '6951KFK', 'Cadillac', 'CTS', '2011'),
	('SCFAD02A38G621154', '7845FLG', 'Mazda', 'Mazda3', '2010'),
	('WBSWL93588P803650', '5250NBG', 'Rolls-Royce', 'Phantom', '2012'),
	('KL4CJGSB9FB252743', '2655DND', 'Toyota', 'Solara', '2005'),
	('WBA3D5C52EK921280', '3195JGD', 'Ford', 'F150', '1999'),
	('WA1CGCFEXBD515588', '6439DHG', 'GMC', 'Savana 1500', '1996'),
	('1G4GD5GD0BF582993', '4056LBK', 'Volkswagen', 'Touareg', '2012'),
	('2C3CDXHG1CH081798', '7202CHB', 'Saab', '9-3', '2004'),
	('2C3CDZBT6FH524744', '7615GLK', 'Toyota', 'Corolla', '1994'),
	('WAUFFAFL0CN245367', '2129DGD', 'Ford', 'GT', '2005'),
	('1D7RE5GK4AS670725', '7732CMC', 'Mercedes-Benz', 'S-Class', '1998'),
	('1FAHP2D83EG018734', '8492JNC', 'Dodge', 'Sprinter', '2006'),
	('JA32U1FU2BU501057', '0588GBB', 'Ford', 'Escort ZX2', '2003'),
	('1FTWF3C50AE779693', '6534JCK', 'Chrysler', 'Cirrus', '2000'),
	('WAUAC48H24K752464', '2294MDG', 'Lexus', 'IS-F', '2012'),
	('3C4PDCBBXCT261064', '7939BGL', 'Jeep', 'Patriot', '2007'),
	('WBADT63482C576637', '4805DGF', 'Pontiac', 'Vibe', '2008'),
	('WAUDH94F18N309758', '3196HLD', 'Rolls-Royce', 'Phantom', '2013'),
	('WAUBFAFL8DN139863', '0758LCH', 'Chevrolet', 'Impala', '2004'),
	('3GYFNEEY7BS218837', '6165HMM', 'Ford', 'Thunderbird', '1977'),
	('WBAWC73569E784571', '4604CBN', 'Saturn', 'Ion', '2007'),
	('4T1BF1FK6EU664241', '3697HFC', 'GMC', 'Savana 1500', '1998'),
	('WA1CGBFE7BD971946', '1128HBH', 'Hummer', 'H1', '1996'),
	('WVGEF9BP8ED575882', '6952GLK', 'Ford', 'E-350 Super Duty Van', '2006'),
	('5J6TF3H51FL105273', '0344JMB', 'Pontiac', 'Grand Am', '1997'),
	('WAUEKBFBXAN661332', '2260HDJ', 'Mazda', '626', '1996'),
	('4T1BF1FK5EU029396', '7720JLH', 'Mazda', 'Protege5', '2003'),
	('2C3CCAAG8DH914721', '8700HLL', 'Cadillac', 'Brougham', '1992'),
	('1FTMF1C89AK068548', '3449DJN', 'Lincoln', 'Town Car', '1985'),
	('WAUAF48H09K937885', '7436CLH', 'Chevrolet', 'Traverse', '2010'),
	('WBADS43462G096998', '4479NLB', 'Buick', 'Hearse', '1996'),
	('1HGCR2E55FA713001', '1483LJB', 'Saab', '9-7X', '2006'),
	('JN8AZ2KR6ET432314', '7252LJJ', 'Mitsubishi', 'Galant', '2003'),
	('JH4CU2F62CC674063', '0550KGH', 'Audi', 'RS6', '2003'),
	('JTDZN3EU1FJ983215', '7667LBF', 'Volkswagen', 'Scirocco', '1986'),
	('5UXXW3C54F0858133', '3846BGC', 'Mitsubishi', 'Lancer Evolution', '2006'),
	('JTHBW1GG7E1683914', '0626MCK', 'Land Rover', 'Range Rover', '2003'),
	('JN8AF5MR6BT774283', '5658FBK', 'Porsche', 'Boxster', '1998'),
	('WBSDE93403C490893', '1554NFN', 'Pontiac', 'Grand Am', '1988'),
	('5N1AA0ND4EN291072', '8220GNL', 'Volvo', 'S60', '2004'),
	('WAUAH68D01A048582', '0841GDD', 'Chevrolet', 'SSR', '2005'),
	('WBABN53471J877535', '3562FJD', 'Land Rover', 'Discovery', '2010'),
	('JN1BY1AR8EM710822', '4632FBN', 'Daewoo', 'Lanos', '1999'),
	('WBAYE4C51DD440856', '3482HBG', 'Mercury', 'Tracer', '1997'),
	('JN1CV6EK1CM310279', '5910HCM', 'Ford', 'Escape', '2009'),
	('4A31K2DF6AE147532', '2960JNM', 'BMW', 'X5', '2009'),
	('1N6AA0CA5CN642076', '0726DGC', 'Pontiac', 'Gemini', '1987'),
	('4A31K5DF7AE534270', '4933HKD', 'Honda', 'Civic GX', '2003'),
	('1G4PT5SV1F4788151', '6277LFC', 'Mitsubishi', 'Diamante', '1994'),
	('1FMEU6DE5AU647550', '4721DHN', 'GMC', 'Savana 3500', '2011'),
	('2T1KE4EE3BC568760', '8450DFN', 'Dodge', 'Ram Wagon B150', '1994'),
	('5N1AR2MM5FC974059', '2419BBF', 'Mitsubishi', 'Chariot', '1986'),
	('JN8AZ1FY2BW861701', '5418JCC', 'Dodge', 'Dakota', '2004'),
	('2T3BFREV8EW328494', '6239FKD', 'BMW', 'M', '2001'),
	('1D4PT5GK5BW258947', '0034GJK', 'GMC', 'Sonoma', '1993'),
	('WBA3A9C55EK818287', '4530FFL', 'Buick', 'Skyhawk', '1986'),
	('JTJBM7FX1E5839818', '9010MHJ', 'Mitsubishi', 'Pajero', '1994'),
	('2HKRM3H3XDH892620', '3016DGM', 'Lexus', 'LS', '2009'),
	('1FTEW1E87AK156838', '1652HGM', 'Cadillac', 'Seville', '1995'),
	('KMHTC6AD9EU455109', '9403NGB', 'Buick', 'Skylark', '1998'),
	('SALCR2BG6FH511465', '6633GFM', 'Chevrolet', 'Silverado', '2008'),
	('JN8AS5MTXDW727962', '6539GGJ', 'Toyota', 'RAV4', '1997'),
	('WA1WMAFE7FD806484', '7592LNK', 'Mazda', 'Miata MX-5', '1997'),
	('1C3CCBHG4CN203650', '4912GGJ', 'Lincoln', 'MKT', '2010'),
	('1G6AK5S31F0684782', '5384MKC', 'Isuzu', 'Oasis', '1998'),
	('3N1CE2CP7EL555673', '0049BKB', 'Maserati', 'Spyder', '2004'),
	('WAULD54BX4N807268', '1423KGN', 'Volvo', 'XC70', '2007'),
	('1FTNF1E8XAK852383', '8978MLJ', 'Cadillac', 'Escalade EXT', '2009'),
	('KNDPB3A21B7775315', '9339JHN', 'GMC', 'Savana 2500', '2003'),
	('WBAEV334X3P470472', '3492GJD', 'Acura', 'Integra', '1993'),
	('1N6AF0LX3EN479971', '9866DJH', 'GMC', 'Sierra 2500', '2012'),
	('1N6AA0CJ6EN184891', '4170DLB', 'Mazda', 'Protege', '2001'),
	('5GAKVDKD4DJ772987', '3633KJD', 'Mitsubishi', 'Eclipse', '1990'),
	('JH4CL95995C740666', '9464LHN', 'Honda', 'Civic', '1989'),
	('WBALL5C52DE307037', '2772LJC', 'Porsche', 'Cayman', '2011'),
	('5J8TB3H54GL005589', '6834FMN', 'Lincoln', 'Town Car', '1988'),
	('1GYS3CEF3DR753631', '0183FGN', 'Dodge', 'Durango', '1999'),
	('3C6TD5CT9CG112629', '3989NGF', 'BMW', '6 Series', '2008'),
	('KNADH4A33A6276615', '2162GFL', 'Chevrolet', 'Suburban 2500', '2005'),
	('WBAUP7C51AV639194', '1900DBB', 'Ford', 'E-350 Super Duty Van', '2006'),
	('WBAEV33472K325479', '1399NKN', 'Pontiac', 'Torrent', '2006'),
	('1G4HP54K824663699', '2255KML', 'Buick', 'Riviera', '1996'),
	('1D4PT2GK1BW675397', '7910LJD', 'Ford', 'Explorer', '2006'),
	('2B3CA9CV3AH741411', '2723GJB', 'Ford', 'Explorer', '2006'),
	('5XYZT3LB2DG382402', '8344BKD', 'Mazda', 'Navajo', '1993'),
	('3VW1K7AJ2EM888055', '0693BCN', 'Chevrolet', 'Aveo', '2005'),
	('1FTMF1C87AK517094', '3039LGG', 'Suzuki', 'Swift', '2005'),
	('SALWR2VF0FA981094', '2425LJG', 'Lincoln', 'Continental Mark VII', '1992'),
	('WAULC68E34A572233', '1338CGH', 'Mazda', 'Miata MX-5', '2001'),
	('WP0CA2A86DK161991', '5014HJF', 'Pontiac', '6000', '1983'),
	('1GT01ZCG6EF232312', '8648GKH', 'Oldsmobile', 'Toronado', '1966'),
	('5N1BA0NE8FN855787', '6419HFD', 'Toyota', 'Tercel', '1993'),
	('ZHWGU5BR7EL083077', '5897LKD', 'Subaru', 'Tribeca', '2011'),
	('1J4NF1FB0BD943207', '9915NHD', 'Ford', 'E-Series', '1990'),
	('4A31K3DT0AE809620', '0913DMH', 'Audi', 'S4', '2004'),
	('19VDE1F34EE887846', '7106NHJ', 'Volkswagen', 'GTI', '1985'),
	('5J8TB3H5XFL622378', '5484NNL', 'Hyundai', 'Elantra', '2001'),
	('WBAVL1C59FV717435', '7040BBJ', 'Buick', 'Century', '1993'),
	('SCBBP9ZA6DC688162', '5225CLG', 'Lincoln', 'Continental', '1986'),
	('3D7TT2HT6BG929855', '7174LJF', 'Land Rover', 'Freelander', '2005'),
	('JHMZF1D41ES354869', '0881JDJ', 'Mitsubishi', 'Montero', '2001'),
	('WAUGL78E47A066003', '4840DMM', 'GMC', 'Safari', '1998'),
	('3FA6P0SU8FR244838', '1950FLG', 'Mazda', 'B2600', '1989'),
	('KMHTC6AD9DU600938', '0824HGK', 'Pontiac', 'Bonneville', '2001'),
	('2HNYD2H84DH610119', '7276JBM', 'Dodge', 'Durango', '2002'),
	('2G4WC582661586118', '1880HDL', 'Ford', 'F150', '2003'),
	('3D73M4HL1BG848738', '5894NCM', 'Dodge', 'Spirit', '1992'),
	('4A31K2DF5AE815112', '8046FFH', 'Chevrolet', 'Traverse', '2011'),
	('WAUJT64B04N892606', '5064DGC', 'Oldsmobile', 'Ciera', '1993'),
	('5N1AR2MM9FC705563', '9191GKB', 'Mercury', 'Tracer', '1994'),
	('1N6AA0CC5AN998557', '9702NNK', 'Cadillac', 'SRX', '2009'),
	('5LMJJ3H52BE829962', '2222NMJ', 'GMC', 'Savana 2500', '2003'),
	('SCFEBBDL5EG844096', '1004FNM', 'Mitsubishi', 'Eclipse', '2004'),
	('KMHHT6KD3AU901849', '3293FKF', 'Jaguar', 'XF', '2011'),
	('JM1NC2LF7E0369115', '8469CJK', 'Saturn', 'Ion', '2004'),
	('5FRYD4H27GB591393', '9698FFK', 'Mitsubishi', 'Eclipse', '1996'),
	('TRURD38J291323702', '5723LNL', 'Audi', 'A8', '2003'),
	('JM3KE2BE7F0006800', '6036MGH', 'Land Rover', 'Range Rover', '2001'),
	('WAUMFAFLXBN305791', '7109CCF', 'Audi', '80', '1992'),
	('WAUEKAFB3AN803398', '1905GMC', 'Volkswagen', 'Cabriolet', '1988'),
	('2C4RDGEGXFR486454', '5508DFJ', 'Dodge', 'Durango', '2007'),
	('WAUPEAFM0CA882945', '6286GGH', 'Lincoln', 'MKS', '2010'),
	('5GAKRBED5BJ969958', '1445CKG', 'Nissan', 'Murano', '2009'),
	('2T1KU4EE8BC899076', '2478HHB', 'Dodge', 'D350 Club', '1992'),
	('1C3CDFBB2ED256552', '1940JGK', 'Mercedes-Benz', 'SL-Class', '1998'),
	('WAUUL68E85A160587', '7787MNH', 'Mazda', 'B-Series Plus', '1998'),
	('3GYEK63N42G517837', '2179CKM', 'BMW', 'Z8', '2003'),
	('WAUSH94F78N875107', '1082KHG', 'Ford', 'Escape', '2012'),
	('WAUSH78E58A327023', '0461GGF', 'Ford', 'Bronco', '1996'),
	('SCFFDCBD7BG365237', '9173CLD', 'Mercedes-Benz', 'S-Class', '1998'),
	('WAUDFAFL7BN241709', '0087JNJ', 'Volvo', '940', '1994'),
	('SCFAD01A18G949108', '1853NHJ', 'Dodge', 'Intrepid', '2000'),
	('WBA3V5C54EJ789075', '0901FCL', 'Nissan', 'Rogue', '2012'),
	('YV1960BW2A1657850', '0435MJJ', 'GMC', 'Sierra 1500', '2000'),
	('WBANW1C59AC092207', '8156BHH', 'Mercury', 'Mountaineer', '2008'),
	('WBAXG5C59DD465466', '1932FDK', 'GMC', 'Yukon', '2009'),
	('WAUDH78E78A163864', '4181JGJ', 'Mazda', '929', '1988'),
	('WAUMGAFL5CA247448', '5962NFN', 'Nissan', 'Frontier', '2011'),
	('1D7RV1CT5BS362276', '2782HNH', 'Isuzu', 'Rodeo', '1999'),
	('3C63D3ML1CG345102', '8764FKM', 'Ford', 'Escort', '1995'),
	('JTDKDTB32E1984453', '3564DKB', 'Toyota', '4Runner', '1998'),
	('JN8AF5MR0CT825648', '1038JGL', 'Buick', 'Riviera', '1990'),
	('1GTN1UEH8FZ878434', '8488CGL', 'Geo', 'Metro', '1996'),
	('WA1DGBFE3DD082083', '8950KCG', 'Nissan', 'Altima', '2004'),
	('2HNYD18651H907095', '1964LKH', 'Mitsubishi', 'RVR', '1994'),
	('JN1AZ4EH7CM993710', '2430CMG', 'Hyundai', 'Genesis', '2011'),
	('3N1AB6APXAL823569', '6817JGF', 'Toyota', 'Previa', '1997'),
	('5UXFG2C52DL161574', '4554DFB', 'Honda', 'Pilot', '2006'),
	('WUAUUAFG5EN573487', '8017GFC', 'GMC', 'Envoy XUV', '2005'),
	('WAU3GAFRXEA318470', '8150FKL', 'Mitsubishi', 'Galant', '1985'),
	('WBANV1C52AC920696', '6702HDC', 'Toyota', 'Camry', '2009'),
	('WA1CV74L67D715535', '6439HFG', 'Chevrolet', 'Corvair', '1960'),
	('KMHTC6AD7DU128884', '2401JCC', 'Jaguar', 'XJ', '2009'),
	('3N1CN7AP8FL141223', '4738FMK', 'Mercedes-Benz', 'S-Class', '2004'),
	('WBADT33492G744440', '7491KCN', 'Chrysler', 'Town & Country', '2004'),
	('WAUFFAFL8CN425728', '0819CJC', 'Pontiac', 'Firefly', '1987'),
	('TRUUT28N521794730', '3011BFM', 'Chrysler', 'Concorde', '2001'),
	('3D7TT2CT9BG144592', '2626BMD', 'Mercedes-Benz', 'M-Class', '2003'),
	('2D4RN3DG0BR296926', '2627MBG', 'Dodge', 'Intrepid', '1999'),
	('1FTWW3B59AE419744', '8519JHJ', 'Toyota', 'Avalon', '2008'),
	('WBAYB6C50DC756517', '2029NFJ', 'Lincoln', 'Town Car', '1994'),
	('KNAFX5A84E5549800', '4486JGB', 'Mazda', 'MX-6', '1995'),
	('WVWGU7AN9CE418389', '2619BGB', 'Maserati', '430', '1989'),
	('WDDNG9FB4CA430603', '9819HMH', 'Buick', 'Rainier', '2005'),
	('SALVN2BG9EH246611', '7311LLK', 'GMC', 'Vandura 2500', '1993'),
	('1FTEX1C80AF837996', '2690GJG', 'Chevrolet', 'Camaro', '2001'),
	('5J8TB4H59DL961247', '6306DJM', 'Oldsmobile', 'Bravada', '1993'),
	('2C3CA9CT6AH018332', '6129DLL', 'Lamborghini', 'Countach', '1987'),
	('WBA3D5C59FK873312', '1101NJD', 'Suzuki', 'Esteem', '1997'),
	('5N1AR1NB8AC350305', '3519FCM', 'Oldsmobile', 'Bravada', '2000'),
	('KM8JT3AF8EU767655', '3672JDG', 'Volvo', 'V40', '2002'),
	('1N4AA5AP1EC734376', '9716DCB', 'Ford', 'Mustang', '1986'),
	('SCBLC37F26C885277', '1551HNB', 'Ford', 'Focus', '2010'),
	('1N6AF0LY1EN191956', '9312CFM', 'Ford', 'LTD Crown Victoria', '1991'),
	('WBAAV53431J668840', '8066NKN', 'Ford', 'Focus', '2004'),
	('3D4PH6FG3BT104182', '5652CHH', 'BMW', '7 Series', '2004'),
	('1ZVBP8JS4C5982431', '5807DFM', 'Ford', 'Thunderbird', '1972'),
	('1G4PN5SK4C4620743', '6668HGK', 'Ford', 'Explorer', '1992'),
	('SCFAB423X2K123942', '3446KJG', 'Kia', 'Rondo', '2007'),
	('1G6DP577370449246', '6713BJG', 'Mercedes-Benz', '600SL', '1993'),
	('19UUA9F56CA295076', '1144FMG', 'GMC', 'Suburban 1500', '1999'),
	('1GYFK43878R438965', '7788DNM', 'Ford', 'Taurus', '2000'),
	('WBABS33463P139111', '9332HGL', 'Mazda', 'RX-7', '1984'),
	('1D7RV1GP6BS204798', '3029CMM', 'Chevrolet', 'Suburban', '2011'),
	('YV4852CZ0A1634900', '4940NLM', 'Mercedes-Benz', 'SL-Class', '2008'),
	('SCFHDDAJ5AA164721', '2997DKL', 'Volvo', 'C30', '2009'),
	('1G4HE57Y06U003829', '2284MHH', 'Mazda', 'Mazda6 5-Door', '2006'),
	('JN1CV6AP8BM401629', '6822CFH', 'Lincoln', 'Continental', '1992'),
	('WAUEG98E56A872955', '9947LJD', 'Citroën', '2CV', '1948'),
	('5TDBW5G10AS416633', '2555HDK', 'Ford', 'F-Series Super Duty', '2008'),
	('JN1CV6FE9AM592743', '7192DJG', 'Ford', 'F150', '2007'),
	('WAUWGAFC7FN430372', '2729BBK', 'Pontiac', 'Grand Prix', '1978'),
	('1D7RW3GK2AS104161', '3808JBH', 'Mercedes-Benz', 'CLS-Class', '2006'),
	('3VW4A7AT0DM887275', '5972MLJ', 'Chevrolet', 'Corvette', '1955'),
	('WBXPC934X7W385585', '7725DJB', 'Subaru', 'Impreza', '1993'),
	('WAUEFAFL6FA499690', '6512JFD', 'Chevrolet', 'HHR', '2006'),
	('TRUUT28N221618900', '8862JJM', 'Nissan', 'Quest', '1995'),
	('19UUA65596A933678', '1773HBC', 'Lincoln', 'Mark VIII', '1995'),
	('KNDJT2A50C7531695', '4841NNH', 'Plymouth', 'Prowler', '2000'),
	('2G4GR5GXXF9070054', '7120HBM', 'Plymouth', 'Acclaim', '1994'),
	('5J6YH1H35BL997217', '8078CBJ', 'Morgan', 'Aero 8', '2007'),
	('1G4GD5GR4CF036386', '1454FMH', 'Jeep', 'Compass', '2009'),
	('WVWAB7AJXDW149906', '1625FFL', 'Buick', 'Hearse', '1996'),
	('4T1BF3EK4BU346837', '2703CBN', 'Jeep', 'Cherokee', '1992'),
	('WAUEF98E98A335009', '6907HJF', 'Toyota', 'Land Cruiser', '2013'),
	('WBA3T3C58EP413079', '2815DLF', 'Mitsubishi', 'Diamante', '1998'),
	('1GYS3EEJ4DR085287', '7286BFK', 'Mitsubishi', 'Lancer', '2004'),
	('JN8AE2KP6D9962112', '7253CJF', 'Dodge', 'Ram', '1994'),
	('1ZVBP8JZXD5465276', '7716BFC', 'Ford', 'Crown Victoria', '2005'),
	('1FMCU5K36AK787802', '2828BDG', 'Ford', 'Thunderbird', '2002'),
	('JN8AE2KP4F9993393', '6230MNG', 'GMC', 'Jimmy', '1995'),
	('1D7RW3GK3AS418918', '1790LFL', 'Ford', 'E250', '2004'),
	('SCBFC7ZA4DC426061', '3327NGJ', 'Toyota', '4Runner', '2006'),
	('WAUCVAFR4AA542821', '9566CGB', 'Isuzu', 'VehiCROSS', '2001'),
	('5GALVAED6AJ062659', '1648FBJ', 'Toyota', 'Paseo', '1993'),
	('3C6TD4HT6CG861617', '0249JHL', 'Chevrolet', 'Astro', '2001'),
	('KMHGH4JH6FU895297', '4213LJH', 'Chevrolet', 'Colorado', '2005'),
	('1GKS1FFJ0BR044723', '0763HCG', 'Kia', 'Sportage', '2010'),
	('3MZBM1K70FM417800', '2361NJH', 'BMW', 'X5', '2012'),
	('JM1GJ1U53F1668093', '4067KMK', 'Dodge', 'Viper', '2010'),
	('1FTWW3CY6AE122875', '0532GGH', 'Dodge', 'Nitro', '2008'),
	('1G6KD57Y69U608622', '9146CCN', 'Plymouth', 'Breeze', '1998'),
	('WAUEFBFLXBN774941', '2810MLD', 'Isuzu', 'Rodeo', '2004'),
	('JM1NC2LF9E0772657', '2055MMN', 'Nissan', 'Xterra', '2001'),
	('2C3CDYBT7CH383351', '8855GDF', 'Buick', 'LaCrosse', '2011'),
	('1G6KD57Y36U178852', '0347JFH', 'Chrysler', 'PT Cruiser', '2003'),
	('KMHTC6AD2DU364018', '4308FJB', 'Nissan', 'Quest', '1998'),
	('5GAKVAEDXBJ169470', '9126GDK', 'Kia', 'Optima', '2007'),
	('WBAWL13579P690457', '8843LLF', 'Volkswagen', 'Fox', '1990'),
	('JN1AZ4EH2FM505171', '4237JDH', 'Mitsubishi', 'Starion', '1987'),
	('WAUEG98E66A037205', '0414JDJ', 'Nissan', 'Maxima', '2010'),
	('5TDBKRFH5ES420586', '1761KCN', 'Cadillac', 'DTS', '2007'),
	('1FMJK2A58AE244058', '4329JBL', 'Dodge', 'Dakota', '2005'),
	('3TMJU4GN5CM256248', '3950HHJ', 'Lamborghini', 'Diablo', '1991'),
	('WBAUC9C58DV515922', '9581DCJ', 'Lexus', 'RX', '2003'),
	('3VW1K7AJ7DM832000', '2268KGJ', 'Lotus', 'Elan', '1990'),
	('WAUDK78T18A382139', '9292KGM', 'Pontiac', 'Grand Prix', '1973'),
	('WVWED7AJ8AW262275', '3970HHK', 'Volkswagen', 'GTI', '1988'),
	('WAUFFAFL6EN998520', '1419CJH', 'Audi', 'TT', '2009'),
	('KNAGM4AD4B5219624', '4628BKK', 'Honda', 'Odyssey', '2012'),
	('1G6AW5SXXE0066480', '7909HJB', 'Mitsubishi', 'Truck', '1985'),
	('2C3CDXHG2EH855849', '6843FFH', 'Mercedes-Benz', 'S-Class', '1984'),
	('WAUSH94F27N650544', '0233NGK', 'Mercedes-Benz', 'SLK-Class', '2001'),
	('19UUA9F72DA007881', '2403JGN', 'Lotus', 'Exige', '2010'),
	('1GD11ZCG7BF577196', '5475LKG', 'Volkswagen', 'Golf', '1976'),
	('1G6DK5EV6A0100900', '8998GBG', 'Ford', 'Explorer Sport', '2000'),
	('2T1BU4EE2BC443820', '8397MGB', 'GMC', 'Safari', '2004'),
	('1G6DW677870517632', '9388HGM', 'Chrysler', '300M', '2002'),
	('SCBLE37G43C869225', '7034HGK', 'Toyota', 'Corolla', '2001'),
	('1FTEW1C83AF549473', '0846CMB', 'Ford', 'E-Series', '1987'),
	('2HNYD18873H524022', '8751CDC', 'Toyota', 'Celica', '2003'),
	('3N1CN7AP2DL411981', '9165MBC', 'Ford', 'Crown Victoria', '1992'),
	('2G4WD582981897588', '9565MHJ', 'Chevrolet', 'Express 3500', '2010'),
	('1VWAS7A31FC399876', '9993DKN', 'Maserati', 'Quattroporte', '2005'),
	('WAUUL98E68A657921', '7986MGJ', 'Lexus', 'RX', '2003'),
	('5GAKRAED6BJ477580', '1793DGF', 'Acura', 'NSX', '2000'),
	('WVGAV7AX5BW055338', '0630BKN', 'Mercury', 'Grand Marquis', '1993'),
	('KL4CJCSB0DB828824', '7639CDH', 'Jeep', 'Cherokee', '1995'),
	('1G4HR54K65U159411', '4232BNM', 'Kia', 'Sportage', '2002'),
	('1N6AA0EC0DN902755', '1490JBM', 'Ford', 'Mustang', '2007'),
	('WAUKG78E55A574170', '7348BBG', 'Lincoln', 'Town Car', '2009'),
	('1FMJK1H55CE731513', '9205FFG', 'Honda', 'Civic', '1980'),
	('JH4DC53863S655620', '4450HFB', 'Mercury', 'Cougar', '1992'),
	('WA1DVBFE6AD957688', '3162DCB', 'GMC', 'Yukon XL 2500', '2010'),
	('KNADM5A39E6446239', '0532HLJ', 'Ford', 'Club Wagon', '1998'),
	('JN8CS1MU9EM940294', '1052KJN', 'Infiniti', 'G25', '2011'),
	('KMHGH4JF9BU449783', '0282HKK', 'Volkswagen', 'GTI', '1996'),
	('WBA3B3G55FN862181', '0881HKN', 'BMW', 'X6', '2010'),
	('JM1BL1L31D1530666', '7076HFL', 'Buick', 'Park Avenue', '1992'),
	('WA1UFAFL8EA424349', '8576JMD', 'Audi', 'S4', '2001'),
	('2C3CCACG0CH812339', '9692CNJ', 'Ford', 'F-Series', '1987'),
	('19VDE2E50EE685742', '2759CHN', 'GMC', '3500', '1992'),
	('1G4HR54KX14459592', '6803FDM', 'Ford', 'Econoline E350', '2002'),
	('WAUMFAFL6CN272628', '0330LLJ', 'Volkswagen', 'Jetta', '1995'),
	('1GYS3FEJ9BR205605', '7917KKF', 'Isuzu', 'Trooper', '1998'),
	('WAUEF48HX8K922973', '9877MHC', 'Audi', 'A4', '2005'),
	('JM1NC2NF7E0547148', '8265GDC', 'Oldsmobile', 'Ciera', '1993'),
	('SALVP2BGXFH972330', '3641GHG', 'Subaru', 'Loyale', '1992'),
	('WAULFAFH4EN953963', '3169CJM', 'Ford', 'F350', '2009'),
	('1G6AB1RX1F0339088', '4867HHL', 'Hyundai', 'Tiburon', '2003'),
	('WAUYP64B91N881196', '8179GKH', 'Jeep', 'Patriot', '2009'),
	('1GYS3NKJ8FR472111', '1086FDM', 'Chevrolet', 'Camaro', '1980'),
	('5LMJJ3J5XCE480335', '9191KFD', 'BMW', 'X5', '2006'),
	('3D73M4HL4BG792679', '3618JHN', 'Ford', 'Econoline E350', '1995'),
	('2G4WC562351149520', '8962KFC', 'Suzuki', 'Swift', '1992'),
	('SCFEBBAK9DG439028', '0116BFD', 'Mazda', 'B-Series Plus', '2004'),
	('1C4RDJEG2CC518590', '1562LBD', 'Ford', 'E350', '2006'),
	('YV1672MK3D2650426', '3624MKC', 'Chevrolet', 'Impala', '1996'),
	('JH4CU2F6XBC307202', '7747BLJ', 'Chrysler', 'Voyager', '2003'),
	('19VDE1F53EE753301', '8374DMN', 'Mercedes-Benz', 'SLR McLaren', '2009'),
	('2HNYD18913H392819', '1258FJN', 'Plymouth', 'Voyager', '1985'),
	('5N1BA0NE6FN841385', '0871CMF', 'Jaguar', 'XJ', '2010'),
	('WAUHF98P29A867668', '7554NKH', 'Dodge', 'Viper', '2000'),
	('1D4PU2GK0AW828136', '1352CGN', 'Nissan', 'Maxima', '1998'),
	('JTDKN3DU3B0538462', '4653LBF', 'Mitsubishi', 'Outlander', '2012'),
	('1G6DG5EG0A0139131', '1199GNJ', 'Austin', 'Mini Cooper S', '1963'),
	('2C4RDGEG0ER280400', '8478LCL', 'Suzuki', 'Swift', '2005'),
	('WAUVC68E95A212278', '3855JFK', 'Cadillac', 'Allante', '1993'),
	('1FTEW1CW1AK275633', '0261HFC', 'GMC', 'Suburban 1500', '1997'),
	('3GYFK66N94G525242', '9010JCH', 'Ford', 'Windstar', '1997'),
	('WBAWR3C59AP517649', '3874BBM', 'Chrysler', 'Sebring', '2008'),
	('3C4PDDBG9CT862550', '3151HFF', 'Chevrolet', 'Venture', '2004'),
	('3N1AB7AP2FL898487', '0307CHM', 'Volkswagen', 'Tiguan', '2009'),
	('19UUA56613A503009', '0687FNB', 'Isuzu', 'Rodeo Sport', '2001'),
	('WAU4FBFL3BA225469', '6128FCF', 'Toyota', 'Tundra', '2002'),
	('1G6DV1EP7B0562014', '8013NKM', 'GMC', 'Yukon', '1996'),
	('5J8TB4H53GL913330', '8780MFD', 'Subaru', 'Legacy', '1991'),
	('5FPYK1F21DB201190', '7514NNH', 'Mazda', 'B-Series', '2004'),
	('WBAKB0C53AC944723', '4494CDB', 'Ford', 'E-Series', '2010'),
	('1GD12XEG7FF178373', '6999LDH', 'Mercury', 'Cougar', '1986'),
	('5TFAW5F12FX766117', '3539LLB', 'Ford', 'Ranger', '1995'),
	('2C3CCAPG4DH818818', '8633CGC', 'Mercedes-Benz', 'W123', '1977'),
	('WVGEF9BP6DD138607', '0117LBK', 'Acura', 'TL', '2004'),
	('NM0KS7DN7AT112938', '6538LMD', 'Ford', 'F-Series', '1989'),
	('WAUMGAFL3DA702136', '6731LKB', 'Chevrolet', 'Caprice', '1977'),
	('3GYFNCE38CS227377', '5061JKM', 'Volvo', 'S40', '2009'),
	('WAUAF98E27A959070', '5923BCC', 'Cadillac', 'Eldorado', '1999'),
	('1N6AF0LY9FN541951', '1669DDN', 'Cadillac', 'Eldorado', '1996'),
	('WAUFFBFL0BA399363', '9438FBH', 'Audi', '90', '1990'),
	('2HNYD2H41DH188484', '0053FLC', 'Buick', 'Regal', '1989'),
	('2G4WD532251501522', '5667JGF', 'Chevrolet', 'Express 1500', '2009'),
	('2T1KU4EE2CC668482', '7267HHD', 'Mazda', '929', '1992'),
	('1N4AL3AP7DC074311', '7205JKB', 'Hyundai', 'Sonata', '1999'),
	('WA1CFAFP7BA100870', '0093JCD', 'Audi', 'Q7', '2009'),
	('5UXFG8C52BL423433', '4236LDL', 'Mazda', '323', '1995'),
	('WBADR63441G174412', '3715HBJ', 'Ford', 'Crown Victoria', '2001'),
	('1G6DA67V880475655', '6418GJM', 'Jeep', 'Grand Cherokee', '2008'),
	('WBA4A7C57FG452068', '3662HMC', 'Mitsubishi', 'Mirage', '1991'),
	('5UXFE83558L241594', '5964LLB', 'Saab', '9-7X', '2008'),
	('WAUEF98E76A172633', '2254CGD', 'Chevrolet', 'Camaro', '1985'),
	('2G61M5S36F9896917', '2087CDC', 'Cadillac', 'Sixty Special', '1993'),
	('WBAVB73558V727579', '4296NNN', 'Lamborghini', 'Gallardo', '2006'),
	('WAUMK98K19N120103', '0672FCM', 'GMC', 'Yukon', '2012'),
	('5GAKVAKD7EJ169984', '4992HDB', 'Ford', 'Club Wagon', '1993'),
	('1FTWF3B53AE417505', '1702HBK', 'Toyota', 'Tacoma Xtra', '1997'),
	('WBALZ5C51CC721743', '0230CHB', 'Ford', 'Probe', '1990'),
	('WBAVD33596K392070', '2178GGD', 'Acura', 'TL', '2010'),
	('1VWAP7A37EC362430', '7252DMH', 'Jaguar', 'S-Type', '2000'),
	('JN1AY1AP0DM693040', '7224MKK', 'Bentley', 'Continental GTC', '2008'),
	('JN8AZ1MU1EW195791', '2606KBB', 'Toyota', 'Celica', '2005'),
	('1GYFK66837R775347', '6925KCG', 'Chevrolet', 'Impala', '2010'),
	('JTHFF2C24E2528409', '8795FLN', 'GMC', 'Yukon', '1996'),
	('3D7JB1EK4AG308595', '4426BDJ', 'Nissan', 'Murano', '2003'),
	('WAUMFAFH6FN196862', '7462GCN', 'Buick', 'Century', '1987'),
	('WA1AV94LX9D159106', '6215HKB', 'Porsche', '911', '1987'),
	('WBAEW53495P337603', '4032BNK', 'Maserati', 'Quattroporte', '2010'),
	('5UXFH0C52BL409837', '8328HMD', 'Saturn', 'L-Series', '2005'),
	('WA1CMAFP6EA211615', '1338KNK', 'Mitsubishi', 'Lancer Evolution', '2005'),
	('5UMDU93587L108436', '4657MLK', 'Chevrolet', 'TrailBlazer', '2008'),
	('19VDE3F34EE953212', '1620GND', 'BMW', '745', '2003'),
	('1G6AH5RX9F0763110', '3154FLC', 'Nissan', '200SX', '1996'),
	('3VWC17AU7FM190547', '7200KMF', 'Toyota', 'Celica', '2005'),
	('2T1KE4EE6BC578103', '0307MGC', 'Mercury', 'Mountaineer', '2004'),
	('2T1KU4EEXDC299811', '9886GNN', 'Ford', 'Club Wagon', '1997'),
	('WAUAFAFL2DN571974', '7987DDC', 'Dodge', 'D250 Club', '1993'),
	('WAUDF98E45A865007', '1441BDF', 'BMW', 'X5 M', '2010'),
	('KM8JT3AC0AU194038', '7994HFC', 'Kia', 'Optima', '2007'),
	('WBAWR33568P372385', '2672KMG', 'Nissan', 'Murano', '2006'),
	('WA1WGBFP6EA095049', '8452GFB', 'Volkswagen', 'New Beetle', '1998'),
	('2G4GS5EK8C9397186', '7844LKD', 'Volkswagen', 'Cabriolet', '2000'),
	('1G6DA67V380270678', '0872DDL', 'Mitsubishi', 'Lancer', '2004'),
	('WDDHF7GB8FB994594', '8638MMK', 'Subaru', 'Outback', '2001'),
	('5UXFE43508L113739', '3845CNH', 'Oldsmobile', 'Bravada', '2001'),
	('WBA3F9C58DF917713', '3164MBB', 'Maybach', '62', '2008'),
	('WBA3V9C53EP173288', '4267KGN', 'Honda', 'Accord', '1991'),
	('2C3CDXGJ3DH758736', '9451JGJ', 'Dodge', 'Ram 1500', '2004'),
	('1FADP5AU6EL253623', '8428GCM', 'Chevrolet', 'Express 1500', '2004'),
	('WBA3B5G59DN705052', '6088DHN', 'Nissan', 'Xterra', '2006'),
	('SCFEBBAK0DG593434', '1601NHM', 'GMC', 'Savana 2500', '2008'),
	('2T1BU4EE1DC312414', '4528MDC', 'Chevrolet', 'G-Series G20', '1993'),
	('KMHHT6KD9BU983491', '1198LHD', 'MINI', 'Cooper', '2003'),
	('3GYFNFEY5BS812672', '4549NCC', 'Porsche', '911', '1998'),
	('5J8TB3H56EL404680', '8057GFF', 'Pontiac', 'GTO', '2006'),
	('1FTSW3B50AE288881', '7363HHK', 'Mitsubishi', 'Pajero', '1990'),
	('WAUEFAFL2AN191708', '7753JJB', 'Jeep', 'Patriot', '2011'),
	('1G6DA5EG8A0381733', '6398NNK', 'Lincoln', 'MKT', '2011'),
	('3C6TD5KT5CG249455', '7084BDK', 'Pontiac', 'G6', '2010'),
	('JTEBC3EHXB2561602', '4579MKG', 'Toyota', 'Prius', '2006'),
	('1C4SDJCT8CC442147', '1261NJL', 'Ford', 'Mustang', '2009'),
	('WVGAV7AX6FW940086', '9641NKF', 'Audi', 'A4', '2012'),
	('1FTEW1CMXBK287439', '2669CMM', 'Toyota', 'Land Cruiser', '2010'),
	('WBA3F9C58FK050839', '6634CJB', 'Ford', 'E-350 Super Duty', '2006'),
	('3VWKX8AJ8BM390708', '2938GGF', 'Suzuki', 'Grand Vitara', '1999'),
	('SCFFDAAE2CG978088', '0608FFB', 'BMW', '5 Series', '2003'),
	('1GYS3BEF1CR776219', '2271NFD', 'Toyota', 'Previa', '1991'),
	('WVGDF9BP1ED714018', '8955BLL', 'Mitsubishi', 'Montero', '2002'),
	('JH4DB76691S957568', '1505LCH', 'Pontiac', 'Grand Prix', '1981'),
	('KMHGH4JHXDU830126', '8523KMN', 'Mitsubishi', 'Eclipse', '2006'),
	('3VWKX7AJ7CM188230', '3685LHD', 'Dodge', 'Ram Wagon B350', '1994'),
	('JH4DC53874S023310', '3031JMG', 'Lamborghini', 'Countach', '1990'),
	('JTDKTUD35ED499101', '1268FCL', 'Lincoln', 'Mark VIII', '1998'),
	('WAUCFAFCXDN178345', '4319JLN', 'Volkswagen', 'R32', '2009'),
	('3VW1K7AJ3CM656111', '9502NNM', 'Nissan', 'Quest', '2009'),
	('WAUR4AFD8DN847799', '9573CGD', 'Dodge', 'Ram 1500', '2006'),
	('3GYFNEEY1BS169845', '7318HND', 'Hyundai', 'Veloster', '2012'),
	('WBAUC9C54DV993450', '7022FKK', 'Pontiac', 'Bonneville', '1967'),
	('WAUKFAFL5EA206900', '2927NND', 'Bentley', 'Brooklands', '2009'),
	('WBAWC7C57AP720421', '2638CHG', 'Volvo', '940', '1993'),
	('KMHCT4AEXCU444226', '9259DDC', 'Daewoo', 'Nubira', '1999'),
	('3C3CFFER3DT358616', '2420FNC', 'Isuzu', 'Hombre', '1996'),
	('2HNYD28249H485920', '8402BHC', 'Kia', 'Forte', '2010'),
	('JN8AE2KP2D9914395', '6757JMC', 'Chevrolet', 'Corvette', '1962'),
	('2B3CK2CV5AH335277', '7525NCN', 'Audi', 'A6', '2000'),
	('1G4PR5SK3E4187875', '2459KJM', 'Mazda', '626', '1993'),
	('1G6KH5E69BU744366', '4139JFK', 'Nissan', 'Versa', '2012'),
	('SCBZB25E92C781137', '3879CNG', 'Pontiac', 'Firefly', '1985'),
	('SCBBP9ZA6BC339516', '1431KCN', 'Audi', 'S6', '2010'),
	('1GD021EG9FZ653433', '3067CNC', 'Subaru', 'Legacy', '1999'),
	('WBAYP1C52FD000639', '6339DDF', 'Tesla', 'Roadster', '2011'),
	('WAUEKBFB6AN758530', '0497KCG', 'Pontiac', 'Grand Prix', '1991'),
	('1G6DS5ED9B0589768', '1816HKF', 'Chevrolet', 'Cruze', '2013'),
	('WAUR2AFDXEN746268', '8251GNM', 'Ford', 'Windstar', '2004'),
	('1FAHP2D87FG004305', '1644NCH', 'Porsche', 'Cayenne', '2013'),
	('JH4KC1F38EC352402', '6207HGB', 'Kia', 'Sephia', '1996'),
	('1HGCP2E86AA076435', '9514CGM', 'Chevrolet', 'Monte Carlo', '1997'),
	('WAUGFBFC1EN018122', '6873LJL', 'Acura', 'MDX', '2001'),
	('JM1GJ1T54E1099111', '0706CHC', 'Mazda', 'Miata MX-5', '1992'),
	('WA1FFCFSXFR684931', '2083FLH', 'Jaguar', 'XK Series', '2004'),
	('WBAWC33577P644782', '9183FKL', 'Cadillac', 'DeVille', '2002'),
	('WBABD33436P851171', '1357KKD', 'Mercury', 'Mountaineer', '2006'),
	('WAUYGBFC7CN271153', '9169HFG', 'Oldsmobile', 'Aurora', '1998'),
	('WAUYP64B51N188335', '5294NGK', 'Ford', 'Mustang', '1980'),
	('1GYS4FEJ7CR535791', '1872KGJ', 'GMC', 'Savana 3500', '2005'),
	('WUARL48H14K880039', '4394NDD', 'GMC', 'Sierra', '2008'),
	('1FTEW1CMXBK920425', '8752FGL', 'GMC', 'Sierra 3500', '2012'),
	('WAUMFAFL8DA293408', '6603MFD', 'Ford', 'Fusion', '2009'),
	('2C3CCAXJ8DH970189', '9152GBB', 'Cadillac', 'Escalade EXT', '2012'),
	('1GYS3BKJ7FR271380', '1943HKG', 'Volvo', 'S90', '1998'),
	('1FTEX1C84AF434717', '6372GJB', 'Chevrolet', 'Camaro', '2000'),
	('1GTN1TEH3FZ059664', '0797CJJ', 'Honda', 'S2000', '2000'),
	('1G6AE5S32D0280491', '5275HGD', 'GMC', 'Sierra 3500HD', '2006'),
	('WAUEH48H58K790263', '4124LLL', 'Mercedes-Benz', 'G-Class', '2007'),
	('WAURFAFR0BA202283', '0962HNH', 'Infiniti', 'FX', '2003'),
	('SALVP2BG2FH663547', '6147KJF', 'Mercedes-Benz', 'E-Class', '2005'),
	('3VW4T7AT1EM206309', '3924BDC', 'Ford', 'Taurus', '1996'),
	('WAURV78T08A658968', '9331JHL', 'Lincoln', 'Zephyr', '2006'),
	('TRUUT28N221119983', '8774DHC', 'Toyota', 'Sequoia', '2003'),
	('3D73Y4EL8BG996409', '4016LCG', 'Nissan', 'Armada', '2007'),
	('TRUSC28NX21289497', '1520KJD', 'Infiniti', 'Q', '1999'),
	('KNDPB3A28B7457966', '2214LLK', 'Ford', 'Econoline E350', '2002'),
	('WBA3D3C50EF655187', '7507DJC', 'Mitsubishi', 'Pajero', '1999'),
	('3VW507AT4FM109863', '3526MKH', 'Audi', 'S6', '2002'),
	('WAUAF48H99K044209', '7428NFH', 'Jaguar', 'XJ Series', '2000'),
	('3C63D3FL2CG813948', '9496DND', 'Ford', 'Expedition', '1998'),
	('WAUKF78EX8A230423', '7181FFM', 'Smart', 'Fortwo', '2012'),
	('1G6DH577890206225', '6728DFL', 'Mercedes-Benz', 'S-Class', '1994'),
	('JHMZF1C40BS845320', '8423MMN', 'Maybach', '57', '2003'),
	('WBAUP73549V660620', '1099JBG', 'Acura', 'Integra', '1995'),
	('1G6DA8EY6B0030220', '1223NLD', 'Mitsubishi', 'GTO', '1996'),
	('SCFKDCEP5EG689165', '6711CNC', 'Saturn', 'Astra', '2008'),
	('WAUJC58EX3A182486', '6664DJM', 'Ford', 'Bronco', '1987'),
	('1NXBU4EE0AZ716198', '6744DKM', 'Hyundai', 'Tucson', '2012'),
	('3N1CN7AP8FL810526', '2947GBL', 'Kia', 'Spectra', '2008'),
	('WAUEFBFL8EA509625', '3105MLN', 'Cadillac', 'SRX', '2004'),
	('JN1CV6EK9FM402423', '6854NDJ', 'Audi', 'A8', '2004'),
	('1G4GE5GV2AF765185', '0185DNM', 'Eagle', 'Talon', '1996'),
	('5UXFE4C57AL636617', '0810HGK', 'Porsche', 'Cayenne', '2010'),
	('SCBDR3ZA8BC315024', '3133GHG', 'Volvo', 'XC70', '2012'),
	('WAUGL78E05A526089', '1585DDC', 'Ford', 'Escort', '1992'),
	('1FTSE3EL9AD622618', '1395GLF', 'BMW', '3 Series', '2006'),
	('JTEBU5JR8B5227140', '0106JHM', 'BMW', '545', '2005'),
	('1VWAH7A39CC743514', '7969NKH', 'Pontiac', 'Firebird', '2002'),
	('WAUWMAFC0EN578371', '2622KGD', 'Porsche', 'Boxster', '2010'),
	('2C4RRGAG7ER386138', '9422LJJ', 'Oldsmobile', 'Cutlass Cruiser', '1994'),
	('JTDKN3DU7A0504104', '3487NHF', 'Volkswagen', 'Jetta', '2001'),
	('WAURV78TX8A115787', '2252GFD', 'Chrysler', 'Voyager', '2003'),
	('5FRYD4H49GB530435', '7586GDH', 'Mercedes-Benz', 'CLS-Class', '2008'),
	('19XFA1E83AE544724', '1697CHB', 'Chevrolet', 'Beretta', '1996'),
	('WAUXU54B23N001134', '9249LGD', 'Porsche', 'Boxster', '2011'),
	('WAUGFAFC8DN946972', '7419BJF', 'Cadillac', 'SRX', '2006'),
	('2G61R5S32D9047706', '5174CBG', 'Audi', 'S8', '2006'),
	('3D73M4EL8BG931698', '9774KCC', 'Mercury', 'Sable', '2009'),
	('WA1CMBFP0EA665526', '2592KNB', 'Isuzu', 'Hombre', '1996'),
	('KNADH4A39B6205856', '9791NLB', 'Chrysler', 'PT Cruiser', '2004'),
	('1G4GB5GR0CF999033', '6729HDC', 'Pontiac', 'Firebird', '1989'),
	('WBA6B4C52FD318641', '8539HHJ', 'Lexus', 'ES', '1994'),
	('WA1LFAFP5BA542417', '3347CLF', 'Land Rover', 'Range Rover Sport', '2008'),
	('WAUGL58E25A205692', '4277BHB', 'Chevrolet', 'Silverado 2500', '2009'),
	('1GYUKAEF2AR256467', '8247GDB', 'Mazda', 'B2600', '1989'),
	('WAUAFAFLXAN605641', '5663JCH', 'Mitsubishi', 'Tundra', '2009'),
	('1FTSX2B54AE771412', '4385FBJ', 'Audi', 'TT', '2012'),
	('WAUHF78P87A190417', '5290JNK', 'Dodge', 'Ram 1500', '2009'),
	('3C4PDCGBXET359782', '7330MLF', 'Toyota', 'Tacoma', '1995'),
	('3C3CFFCR0FT566734', '4951JMK', 'Dodge', 'Ram 1500', '2007'),
	('KMHTC6AD8FU669882', '1315KJH', 'Dodge', 'Ram 2500', '2001'),
	('1G6AJ5S33F0764166', '1277MGL', 'Nissan', 'Armada', '2005'),
	('WBAKF9C51BE567081', '8485DLG', 'Ford', 'Mustang', '2011'),
	('1G6AD5SX1D0434193', '4376CCM', 'GMC', '2500 Club Coupe', '1995'),
	('WAUUL98E37A323344', '3296GCC', 'Mazda', 'CX-7', '2009'),
	('WBAUC9C51DV731949', '5794KGG', 'Lincoln', 'MKZ', '2012'),
	('2C3CDYCJ4DH877567', '0800GJF', 'Subaru', 'Forester', '2002'),
	('1GYS4AEF2ER335130', '7565GMG', 'Honda', 'CR-V', '2001'),
	('JM1NC2JF5D0078856', '5102KHM', 'Mercedes-Benz', 'GL-Class', '2007'),
	('1VWAH7A31EC529149', '6852NJB', 'Lexus', 'IS F', '2010'),
	('WBSBR934X2P384552', '5164NBM', 'Plymouth', 'Fury', '1964'),
	('1GYUKJEF4AR554714', '7222GLK', 'Tesla', 'Roadster', '2012'),
	('KNDJT2A19B7250152', '8815GKC', 'Chevrolet', '2500', '1997'),
	('1G4PR5SK8D4516911', '1398NKM', 'Ford', 'F-Series', '2002'),
	('WAUCFAFH6CN742714', '9530BDC', 'Ford', 'E250', '2012'),
	('WAUUL68E85A516567', '9688CJD', 'Volkswagen', 'CC', '2013'),
	('1G6AH5SX1D0100640', '2719GDN', 'Toyota', 'Solara', '2001'),
	('1G4GJ5G36CF973678', '1280LMM', 'Ford', 'Explorer Sport', '2001'),
	('2T1BU4EE6DC188821', '8435HLL', 'Ford', 'Focus', '2003'),
	('5TFCY5F13BX034074', '0719NNH', 'BMW', 'Z4', '2006'),
	('2G4WB55K931114613', '5866NKJ', 'Lincoln', 'Town Car', '1986'),
	('WVWAN7AN2DE120416', '0652LGD', 'Chrysler', 'LHS', '1996'),
	('JH4DC43671S888279', '8481CKN', 'Ford', 'E-Series', '2003'),
	('4T1BF1FK6CU835129', '1449JGD', 'Nissan', 'Pathfinder', '1993'),
	('KMHHT6KD7AU422124', '2045LLM', 'Oldsmobile', '88', '1996'),
	('JTJBARBZ9F2982126', '0105KCB', 'GMC', 'Savana', '2012'),
	('WAULV44E67N832190', '7121MNJ', 'BMW', '7 Series', '2012'),
	('WAUWFAFH3CN212942', '7031KMM', 'Chevrolet', 'Corvette', '2001'),
	('WDDHF0EB2EA203006', '5121KJB', 'Chevrolet', 'Tahoe', '2010'),
	('JTEBU5JR1A5235739', '5504GJJ', 'Hyundai', 'Genesis Coupe', '2010'),
	('WA1AV94L59D527918', '6743LHB', 'Pontiac', 'Grand Am', '1985'),
	('1FMEU7DE8AU934225', '7958LBM', 'Buick', 'Regal', '1986'),
	('3FA6P0D90DR188500', '4892LMD', 'Toyota', 'Corolla', '2003'),
	('JTHBB1BA4C2716793', '1933BGL', 'Chevrolet', 'Tahoe', '2002'),
	('JA4AS3AW9DU799188', '4954FHD', 'Volkswagen', 'Passat', '1996'),
	('3N1CE2CP7FL313421', '0306DJC', 'Pontiac', 'Gemini', '1987'),
	('WAUFEBFM6BA599269', '9733HDB', 'Dodge', 'Caliber', '2008'),
	('SCFAB01E09G456904', '0817FGN', 'Audi', 'A6', '2011'),
	('WVWAB7AJ1DW981652', '4723KCJ', 'Ferrari', 'F430', '2006'),
	('2HNYD18205H476779', '0754CCN', 'Mazda', 'B-Series', '1989'),
	('WA1WMAFE8ED416279', '8716NMK', 'Chrysler', 'Town & Country', '1999'),
	('1G6AP5SX5E0947200', '7289GMN', 'Ford', 'Thunderbird', '1985'),
	('WP0CA2A89CS684730', '9595CBC', 'Plymouth', 'Laser', '1991'),
	('SCBZK22EX1C750496', '6650LCK', 'Suzuki', 'SJ', '1995'),
	('WAUAFAFL2FA754074', '4191GFD', 'Dodge', 'Ram 3500', '2009'),
	('KNADM5A3XD6049444', '7452JNN', 'Mercedes-Benz', 'CL-Class', '2009'),
	('JN1CV6AP9CM389735', '4097JFH', 'Dodge', 'Dakota', '1996'),
	('KNDJN2A2XF7511216', '3307GFG', 'Pontiac', 'Sunbird', '1985'),
	('1G6AL5SX3E0910951', '5061LJC', 'GMC', 'Savana 1500', '2008'),
	('WBA3B5C58EP108390', '5202CKJ', 'Kia', 'Rondo', '2008'),
	('VNKJTUD3XFA014893', '8746GBN', 'Maserati', 'GranTurismo', '2012'),
	('WDCGG0EB9FG272447', '8456CJJ', 'Suzuki', 'Aerio', '2004'),
	('1FTSX2B58AE127024', '6819HJD', 'Chevrolet', 'Venture', '2002'),
	('WAULT68E95A256160', '3398JHC', 'Plymouth', 'Voyager', '1998'),
	('WBAKP9C5XED861456', '7118JLK', 'Pontiac', 'Bonneville', '1985'),
	('TRUWT28N221747244', '6212FNF', 'Ford', 'Tempo', '1991'),
	('SCBZU25EX1C289385', '7970JDK', 'Mercedes-Benz', 'E-Class', '1991'),
	('3C3CFFDR6CT565338', '2752KHK', 'Lincoln', 'Blackwood', '2002'),
	('3G5DB03E34S293899', '5355DNK', 'Ford', 'Explorer Sport', '2001'),
	('WDDGF4HB2EG687819', '5271MLF', 'Mercedes-Benz', 'E-Class', '1986'),
	('JTDKN3DU3B0097299', '9319BJH', 'Jeep', 'Wrangler', '1998'),
	('WBAEN334X3E520203', '0212MMB', 'Cadillac', 'Escalade EXT', '2005'),
	('WBANU535X8C476391', '9016JLM', 'Acura', 'MDX', '2006'),
	('4T3BA3BB3FU035318', '3271GBL', 'Saturn', 'S-Series', '1994'),
	('4A4JM2AS7BE824922', '9764CGK', 'Plymouth', 'Colt', '1993'),
	('NM0KS9BN1AT088327', '7075GCK', 'Mercury', 'Grand Marquis', '1993'),
	('KNDMB5C15F6400669', '6730LNK', 'Daewoo', 'Lanos', '1999'),
	('2FMDK3AK2BB198099', '0224BGF', 'Mercedes-Benz', 'C-Class', '1998'),
	('1FMJU1H56AE874185', '0194FBL', 'Chevrolet', 'Suburban 1500', '2002'),
	('WBADS43471G186353', '2405LFC', 'Dodge', 'Viper', '1994'),
	('WBAEJ13403A359075', '2946FDB', 'Mazda', '626', '1996'),
	('2C4RRGAGXDR369381', '2414KGB', 'Chevrolet', 'Uplander', '2008'),
	('1N6AD0CU7CC208612', '9842NHG', 'Toyota', 'Sequoia', '2008'),
	('JTHBB1BA4A2445649', '5929LHC', 'Honda', 'Odyssey', '2010'),
	('WAUDFAFL6EN417069', '9483CHB', 'Infiniti', 'G', '1999'),
	('1N6BF0KM4FN214750', '6291MLG', 'Dodge', 'Caravan', '2004'),
	('WAULC68E23A684441', '5605LKF', 'Volkswagen', 'Golf', '1987'),
	('WBAKF5C58CE087064', '2266KCH', 'Infiniti', 'G25', '2011'),
	('1GD11ZCG4CF480989', '3802BBD', 'Infiniti', 'Q', '1998'),
	('3D7JV1EP0BG654390', '0582NGF', 'Toyota', 'Paseo', '1992'),
	('WAUGL78E58A754934', '4439FLK', 'Chevrolet', 'Silverado 3500', '2011'),
	('WAUFFAFL7BN295181', '4371JGB', 'Dodge', 'Charger', '2011'),
	('JN1CV6FE6CM409687', '7495GMB', 'Pontiac', '6000', '1988'),
	('1C4AJWAG7FL466726', '1596CDN', 'Lincoln', 'MKS', '2013'),
	('SCFHDDAJ6CA884158', '0524CKB', 'Toyota', 'Land Cruiser', '1995'),
	('WAUFGAFC9EN418142', '3650CDD', 'BMW', 'X5', '2008'),
	('1GYFK162X9R060437', '7555FKC', 'Maserati', '430', '1989'),
	('JHMZF1D46CS380610', '4868GKC', 'Isuzu', 'Trooper', '2001'),
	('ZHWGU5BZXAL722465', '3461KDK', 'Audi', 'RS6', '2003'),
	('WBS3R9C58FK118849', '2580DHH', 'Suzuki', 'XL-7', '2005'),
	('KNALN4D72E5684165', '1878LFH', 'Audi', 'V8', '1990'),
	('1GYS3CKJ3FR401709', '3063BFF', 'Audi', 'A4', '2012'),
	('YV4940BL9D1391035', '0604GMG', 'Daewoo', 'Nubira', '2001'),
	('5UXFE8C52AL554494', '1358JFC', 'Subaru', 'Impreza', '2002'),
	('1N6AF0KY3FN310013', '1741KMN', 'Toyota', 'Avalon', '2007'),
	('JM1NC2MFXE0347513', '3745NBD', 'Suzuki', 'Daewoo Lacetti', '2007'),
	('1FMJK1G50AE679058', '6797KCH', 'Suzuki', 'Forenza', '2008'),
	('WDDUG7JB8EA398149', '5745LFH', 'Eagle', 'Vision', '1993'),
	('2FMGK5B87EB341225', '4469MNH', 'Mercury', 'Grand Marquis', '2006'),
	('WA1MKAFP2AA570979', '8115DDN', 'Suzuki', 'Aerio', '2002'),
	('1FTFW1E86AK516413', '4312LNM', 'Infiniti', 'G35', '2007'),
	('JHMFA3F28BS747966', '0347GGF', 'GMC', '3500', '1995'),
	('WAUHF68P96A727904', '3173GFB', 'Jeep', 'Comanche', '1992'),
	('3VWKP7AJ5DM967207', '2344NLD', 'Infiniti', 'Q', '1999'),
	('19UUA75638A338942', '3812DHH', 'Dodge', 'Charger', '1969'),
	('WAULC58E03A553308', '0123GLF', 'Nissan', 'Titan', '2009'),
	('1FMJK1H53DE304798', '2724FCM', 'Volvo', 'V90', '1998'),
	('JN1AZ4EH6FM883770', '2625HLM', 'Pontiac', 'Firebird', '1987'),
	('KMHHU6KJ6FU458591', '6497JLK', 'Toyota', 'Yaris', '2011'),
	('SCFFDAAM5EG817793', '4381HJK', 'Dodge', 'Ram Van 2500', '1995'),
	('3VW4A7AT4DM707229', '6976KDM', 'Mercedes-Benz', 'SL-Class', '1992'),
	('1J4NF1FB0BD235958', '9320MGK', 'Audi', 'RS6', '2003'),
	('3GYEK62N34G590122', '1027GHH', 'Saab', '9000', '1993'),
	('5UXFE83507L147198', '2200CGH', 'Audi', 'S6', '2008'),
	('5GALVAED0AJ856900', '1757FFN', 'Chevrolet', 'Silverado 3500', '2010'),
	('JN8AF5MR5CT540847', '3878GCC', 'Honda', 'Fit', '2008'),
	('1D4PU7GX0BW845822', '8541LNM', 'Chevrolet', 'Prizm', '2002'),
	('WBALZ5C59CC268701', '6152NBL', 'Mitsubishi', '3000GT', '1992'),
	('1G6DM8EV6A0836294', '2434JNM', 'Chevrolet', 'Lumina', '1992'),
	('JTEBC3EH8C2027578', '4858GJF', 'Lexus', 'LS', '2007'),
	('4T1BD1FK9FU094498', '6306JCK', 'Chevrolet', 'Traverse', '2010'),
	('1G6DL1E37D0646646', '1817BGB', 'Porsche', '911', '1992'),
	('WAUKH98E38A352353', '3337FFG', 'Volvo', 'XC60', '2010'),
	('SALVP1BG1EH438612', '1381JFJ', 'Mercedes-Benz', '600SEL', '1992'),
	('5J6TF1H32BL005678', '5951CLK', 'Audi', 'A4', '1997'),
	('4T1BF1FK0FU345015', '9572NGJ', 'Lotus', 'Elise', '2004'),
	('WBAVM5C50EV339850', '2900NKM', 'Dodge', 'Nitro', '2009'),
	('2T1BU4EE0BC810665', '3412DMB', 'Chevrolet', 'Corsica', '1995'),
	('19UYA41773A315316', '7520GCM', 'BMW', 'M3', '2010'),
	('WA1MMAFE1AD076099', '6078MKD', 'Lamborghini', 'Murciélago', '2004'),
	('1HGCP2E78AA312218', '1459JFD', 'Mercury', 'Mariner', '2009'),
	('WAUWFAFR2DA686768', '2514CBB', 'Chevrolet', 'Camaro', '2000'),
	('3D73M4ELXAG353912', '9864LHK', 'Mercedes-Benz', 'SL-Class', '2001'),
	('JN1CV6EK5BM558985', '8793LMF', 'Dodge', 'Ram 3500', '2009'),
	('5N1BA0NC0FN779030', '6501DBD', 'BMW', 'M5', '2008'),
	('WBAAV53401F266552', '8092BHF', 'Mazda', 'Mazda5', '2006'),
	('WAULK78KX9A859901', '0144DLG', 'Ferrari', '599 GTB Fiorano', '2007'),
	('1B3CB1HA0BD034687', '5290BMG', 'Chrysler', 'Prowler', '2001'),
	('JTDJTUD33ED791521', '0011KHH', 'Ford', 'Expedition', '2011'),
	('1FTMF1EW2AF226216', '5600NJC', 'Audi', 'A6', '1996'),
	('5N1AN0NW6DN005632', '8415CDK', 'Chevrolet', 'HHR', '2007'),
	('JM3TB2BA6E0916172', '9806JMH', 'Lincoln', 'Navigator', '2009'),
	('3MZBM1U76EM197395', '3262CJM', 'Bentley', 'Continental GTC', '2010'),
	('1C4NJCBA6FD234350', '8447JCB', 'Mercury', 'Lynx', '1985'),
	('WBAPK73509A101651', '5550DNK', 'Chevrolet', 'Corvette', '1964'),
	('5N1AA0ND7FN664638', '7407HFD', 'Mercedes-Benz', 'E-Class', '1995'),
	('2C3CCAJG6EH881591', '7445KDL', 'Ford', 'F-Series', '1995'),
	('WBABS334X1J365135', '7859BKM', 'Volkswagen', 'R32', '2008'),
	('1G4PP5SK0E4221826', '7039NBC', 'Kia', 'Sedona', '2006'),
	('WAUEF78E38A704046', '4659MHJ', 'Infiniti', 'FX', '2009'),
	('3C4PDCEG6ET668325', '9172KJL', 'Volkswagen', 'Passat', '1993'),
	('1GYS4EEJ3BR434644', '8891NJD', 'Buick', 'Rendezvous', '2007'),
	('YV4940BL5D1671082', '8687HDM', 'GMC', 'Yukon', '1994'),
	('3GYT4LEF6CG339405', '2165HDF', 'GMC', 'Sierra 1500', '2000'),
	('JN8AZ1MU5EW375663', '1822NNK', 'Infiniti', 'I', '2001'),
	('WBSBR93475P631787', '6724FNC', 'Mercedes-Benz', 'E-Class', '1987'),
	('3GYEK63N93G973544', '8616LCJ', 'Pontiac', 'Bonneville', '1984'),
	('5J8TB3H38EL295167', '7192JLM', 'Aston Martin', 'V8 Vantage', '2011'),
	('3VW4A7AT3DM537932', '9231GGC', 'Mazda', 'RX-7', '1983'),
	('5J8TB4H73GL302280', '0703LLC', 'Mazda', 'RX-7', '1994'),
	('WA1WKBFP2AA190684', '1926DDM', 'Maybach', '57', '2010'),
	('JTHKD5BH9E2009075', '3304NKG', 'BMW', 'M3', '2003'),
	('TRUXD38J491116896', '4250HDB', 'Jeep', 'Grand Cherokee', '1996'),
	('WAUAH74F67N148121', '8464CCM', 'Pontiac', 'Torrent', '2008'),
	('2FMGK5B80DB130155', '8650NMB', 'Subaru', 'Outback', '2003'),
	('1N4AL2AP6BC460886', '2946CCF', 'Chevrolet', 'Blazer', '1992'),
	('1GTN1TEX8DZ081535', '9761CNM', 'Chevrolet', 'G-Series G30', '1996'),
	('1FMJK1H57DE362204', '8846NJM', 'Buick', 'Regal', '1994'),
	('1G6KS54Y03U452451', '3889JMG', 'Mercedes-Benz', 'GL-Class', '2008'),
	('2T3BFREV4DW507923', '5596DLL', 'Infiniti', 'JX', '2013'),
	('1G6DD8E35E0784435', '6267CFD', 'Ferrari', 'FF', '2012'),
	('1N6AA0ED5FN224306', '0900KLB', 'Dodge', 'Ram 3500', '1997'),
	('1FTEW1C84AK316595', '1068GHD', 'Dodge', 'D150', '1993'),
	('SCBDR33W37C685650', '8026MGJ', 'Buick', 'Regal', '2003'),
	('SCBBB7ZH4DC038410', '6957NMF', 'Subaru', 'SVX', '1992'),
	('1G6DP8EV7A0815770', '2482DGG', 'Oldsmobile', 'Toronado', '1992'),
	('4USBT53454L839975', '8146FLG', 'Dodge', 'Ram 3500', '2004'),
	('1G6AH5S37E0758641', '9806JNJ', 'Volkswagen', 'CC', '2013'),
	('2C4RDGCG3FR192624', '3922BLF', 'Mazda', 'MX-3', '1992'),
	('1G6DP5EDXB0999934', '0521LHN', 'Toyota', 'Venza', '2011'),
	('1HGCP2E30AA871081', '9933JNM', 'Honda', 'Accord', '1984'),
	('2G61R5S35E9547022', '1575DGM', 'Nissan', 'Pathfinder', '2004'),
	('1G6DB1ED8B0934037', '5127FCJ', 'GMC', 'Savana 2500', '1999'),
	('WAUGF78K79A563546', '3996CCF', 'Acura', 'TL', '2011'),
	('19VDE3F35DE699945', '1001DDD', 'Porsche', '911', '1994'),
	('5FNRL5H24BB260522', '8797KJL', 'Suzuki', 'Vitara', '1999'),
	('WAU3GAFR6EA086353', '4905JKL', 'Jeep', 'Grand Cherokee', '2001'),
	('1N6AF0LY5FN240481', '9008HNG', 'Audi', 'A5', '2009'),
	('WVGAV3AX0DW807832', '7240HHK', 'Mercedes-Benz', 'SL-Class', '2012'),
	('4T1BK1EB7EU624537', '3741LDL', 'Acura', 'RL', '2002'),
	('JM1DE1KY5E0221001', '0946JNN', 'Mitsubishi', 'Lancer', '2006'),
	('1C6RD6KP6CS962733', '1618DML', 'Chevrolet', 'Corvette', '2001'),
	('WAUXD68D62A384647', '3283BKG', 'Mercury', 'Monterey', '2004'),
	('1FMEU7FE1AU404238', '6190JJF', 'Hyundai', 'Elantra', '2004'),
	('ZHWGU5AU1CL760028', '9283FHG', 'Buick', 'Skyhawk', '1984'),
	('JM1GJ1T67F1213449', '1380MJF', 'Cadillac', 'DTS', '2007'),
	('5FNYF3H22BB621995', '9112JML', 'Infiniti', 'I', '1999'),
	('WBA3R5C54FF934995', '9700LLG', 'Toyota', 'Avalon', '2011'),
	('WAUEFAFLXDN717409', '3572NBM', 'Ford', 'Aerostar', '1996'),
	('5YMGZ0C51BL570240', '4106LHB', 'Ford', 'Laser', '1988'),
	('3D7LT2ET9AG118179', '7670KGB', 'Mazda', 'Navajo', '1994'),
	('WBAYF4C58ED903574', '2691LFG', 'Subaru', 'Legacy', '2009'),
	('1FTEW1CM0EF200113', '4351KDG', 'Chevrolet', 'Astro', '1998'),
	('3D73M4CL4BG020383', '1802LNJ', 'Ford', 'E150', '2008'),
	('3N1AB6AP1BL215912', '4594DHN', 'Lincoln', 'Navigator', '2004'),
	('WP1AA2A28DL268579', '3100HHH', 'Mazda', 'Mazda6', '2011'),
	('WBAYE8C59DD416618', '9179NLN', 'Toyota', 'Tacoma', '2000'),
	('WAUAFAFL0BN144810', '0151NBG', 'Honda', 'Civic', '2004'),
	('3LNHL2GC9CR799069', '2434DBC', 'Toyota', 'Celica', '1998'),
	('5UXFA93545L150362', '7193CKK', 'Jeep', 'Wrangler', '1999'),
	('19UUA56942A675141', '6944CBL', 'Maybach', '57', '2009'),
	('1N6AF0KY3FN372155', '8153JDL', 'Mercedes-Benz', 'C-Class', '2012'),
	('3D4PG9FV4AT336551', '5062HGJ', 'Chevrolet', 'Avalanche', '2010'),
	('1N6AA0ECXEN419887', '5313HCC', 'Honda', 'Civic Si', '2006'),
	('4T1BD1FK2DU556946', '8263DJJ', 'Plymouth', 'Laser', '1991'),
	('1D4RE4GG6BC153795', '0987BFB', 'Infiniti', 'G', '1996'),
	('3C3CFFFH8CT232918', '7520FJG', 'Nissan', 'Versa', '2010'),
	('WBAYF8C54ED908472', '5172DLD', 'Volvo', 'S40', '2001'),
	('KMHTC6AD7DU396365', '2765NKB', 'GMC', 'Yukon XL 1500', '2008'),
	('3N1CE2CP4EL218037', '4628CHJ', 'Audi', 'RS 6', '2003'),
	('4JGBB9FB5BA945518', '0872KNL', 'Toyota', 'FJ Cruiser', '2011'),
	('WAUDV94F18N876738', '8334CCK', 'GMC', 'Yukon', '2006'),
	('3D73Y4CL9AG544325', '8902JLD', 'Infiniti', 'G35', '2008'),
	('1GD312CG1CF017031', '9691BNB', 'Bentley', 'Azure', '2010'),
	('4T1BK1EB2FU571750', '6391GNC', 'Chrysler', 'Grand Voyager', '2000'),
	('TRUDD38J291232102', '2021HNL', 'Jaguar', 'XJ Series', '2001'),
	('3D4PG1FG8BT240023', '5906KLG', 'Mitsubishi', 'Montero', '1996'),
	('TRUWC28N221327693', '3655BFN', 'Ford', 'GT', '2005'),
	('WAUJFAFH3AN512441', '9911JNJ', 'Cadillac', 'Catera', '2001'),
	('JM1GJ1T64E1561420', '1261BJC', 'Chevrolet', 'Impala', '2012'),
	('1GKS1AE06DR855277', '2214DDG', 'Hyundai', 'Santa Fe', '2001'),
	('WBAGL83535D249157', '6545HGJ', 'Nissan', 'Quest', '2000'),
	('JA4AS2AW1AZ567046', '2493NCF', 'Mitsubishi', 'GTO', '1991'),
	('1FTSX2A58AE532446', '2207DLM', 'Audi', 'S8', '2006'),
	('1FTEX1CM8BK836732', '1903GLC', 'Cadillac', 'XLR-V', '2006'),
	('5N1AA0NC3AN665852', '2772HML', 'Toyota', 'Avalon', '2002'),
	('WAULH54B11N969290', '8267HDD', 'Audi', '5000CS Quattro', '1986'),
	('1FTMF1CW5AF305902', '7275FJJ', 'Infiniti', 'G35', '2003'),
	('2C3CDXBGXEH291019', '6564JBJ', 'Jaguar', 'XK', '2007'),
	('JHMZF1D65ES231674', '5332FGC', 'Oldsmobile', 'Cutlass Supreme', '1994'),
	('JTDKTUD35ED189143', '6350KCG', 'Mercedes-Benz', 'S-Class', '1991'),
	('YV4952CZ9E1219102', '7807DKC', 'Chevrolet', 'Malibu', '2012'),
	('4T1BD1FK1FU604715', '7082DNH', 'Toyota', 'Tacoma Xtra', '2004'),
	('WVGFF9BPXBD343865', '7811LJM', 'Toyota', 'Land Cruiser', '2006'),
	('WAUUL78E25A825621', '8110DBD', 'Chevrolet', 'Blazer', '1992'),
	('1D4PT7GX3BW805141', '4413FMF', 'Plymouth', 'Neon', '1998'),
	('5BZAF0AA7FN401437', '4585CDN', 'BMW', 'X5 M', '2012'),
	('1FTWW3CY8AE049170', '2596LHK', 'Lotus', 'Exige', '2010'),
	('1GYUKEEJ5AR930008', '7393HCB', 'Lincoln', 'Continental Mark VII', '1992'),
	('1N4CL2AP5BC156215', '0847MND', 'Acura', 'RSX', '2003'),
	('WVGAV7AX5BW622518', '7364FJK', 'Jaguar', 'S-Type', '2008'),
	('1N6AD0CW3FN502549', '0534BHF', 'Mercury', 'Grand Marquis', '1995'),
	('WBAWV5C55AP455514', '8977CJH', 'Mazda', 'Familia', '1986'),
	('WBAPK5C55BA440724', '7010FBD', 'Mazda', 'MPV', '2000'),
	('19UUA56993A052101', '8525BLB', 'Volvo', 'S60', '2002'),
	('1N6AD0CU1FN857282', '5500HDH', 'Geo', 'Prizm', '1993'),
	('WAU4FAFR3BA680076', '2269LFF', 'Maserati', 'Spyder', '1991'),
	('4A4AP3AU9DE981806', '3866KKF', 'Mercedes-Benz', 'S-Class', '2008'),
	('WAUBGAFB9BN469254', '9296NFK', 'GMC', 'Yukon', '2004'),
	('2G4WE587881970801', '2822NBM', 'Pontiac', 'Trans Sport', '1993'),
	('5N1AA0NE3FN607443', '2933HHK', 'Land Rover', 'Range Rover Sport', '2008'),
	('JM1NC2JF3E0287370', '1626CFH', 'Cadillac', 'Escalade EXT', '2006'),
	('WAUSF78E88A834097', '1667NGC', 'Mitsubishi', 'Endeavor', '2004'),
	('1GD422CG0EF346159', '4205NGD', 'Buick', 'LaCrosse', '2006'),
	('1C3CCBHG5CN818417', '8913CJG', 'Volkswagen', 'GTI', '2004'),
	('WBAVB73508V167454', '1980KFD', 'Hummer', 'H2', '2008'),
	('3D73Y4CL7AG761033', '7121CKJ', 'Lincoln', 'Continental', '1994'),
	('WA1LFBFP5DA915948', '4208CHJ', 'Isuzu', 'Rodeo', '1995'),
	('5UXZV4C51D0400614', '5305HCM', 'Chevrolet', 'Classic', '2005'),
	('5N1AR1NB6BC265657', '3787MNM', 'Land Rover', 'LR3', '2007'),
	('WAUHGBFC1DN240403', '0344KFM', 'Lexus', 'LX', '2008'),
	('5N1AR2MM5FC113917', '3272CGN', 'Ford', 'F350', '2012'),
	('1G6DZ67A590017708', '3029BNG', 'Buick', 'Regal', '1994'),
	('1N6AA0CH9EN329791', '4626DDC', 'GMC', 'Sierra 2500', '2006'),
	('WAUCVAFRXBA246705', '2465FNM', 'Dodge', 'Aspen', '1976'),
	('1G6AT5SX8E0144134', '5435MJG', 'Ford', 'Expedition', '1997'),
	('1G6DA1E33D0449348', '2470KDB', 'Isuzu', 'Ascender', '2008'),
	('1N6AF0LY0FN739592', '6115GGG', 'Jeep', 'Liberty', '2006'),
	('WAUDG74F59N731038', '7057CJN', 'Dodge', 'Ram 1500', '1994'),
	('2T2BK1BA2CC048507', '0659MMB', 'Cadillac', 'Brougham', '1992'),
	('JN8AF5MR3FT069320', '7160KBJ', 'Hyundai', 'Tiburon', '2000'),
	('JM1BL1K5XB1306568', '5846KBF', 'Porsche', 'Cayman', '2008'),
	('NM0KS9BN1CT904391', '5843HDG', 'Kia', 'Rio', '2012'),
	('1G6KD57Y19U870676', '7540NMD', 'Jeep', 'Wrangler', '2012'),
	('1FTEX1CM3DF340653', '6687DJJ', 'Mitsubishi', 'Truck', '1988'),
	('WP0AA2A92ES295074', '5616LLB', 'Plymouth', 'Fury', '1964'),
	('WDDUG7JB5FA539423', '6446FNC', 'Ford', 'Mustang', '2000'),
	('WAUDF58E05A919444', '2712JDH', 'Ford', 'E150', '1984'),
	('2HNYD28598H138446', '9076DNK', 'Mitsubishi', 'Galant', '1995'),
	('1G6DC8E33E0852914', '2324DLJ', 'Porsche', '928', '1993'),
	('YV1902MD7F1744272', '5932FDN', 'Land Rover', 'Range Rover', '1999'),
	('JM3ER2W30A0243454', '6967HLM', 'Eagle', 'Vision', '1993'),
	('1GKKRNED9DJ242278', '9220HHC', 'Volkswagen', 'Eurovan', '1995'),
	('WBAEV33414P344101', '2278LLM', 'Lotus', 'Esprit', '2004'),
	('WDDGF4HB2DG135381', '7309CDM', 'Plymouth', 'Grand Voyager', '2000'),
	('SCBDC47L38C879023', '8104HGK', 'Nissan', '350Z', '2003'),
	('1GYEC63N56R456937', '6866FHK', 'Subaru', 'Forester', '2010'),
	('4T3BA3BB8FU115505', '0627BMB', 'Ford', 'Taurus', '2002'),
	('JM1CR2W36A0778207', '9394JDM', 'Mercedes-Benz', 'SL-Class', '1985'),
	('1G6EC12932B032871', '2650DNK', 'Ford', 'F150', '2009'),
	('3C6JR6CT1DG087290', '5433LCD', 'Chrysler', '300', '2010'),
	('1FTKR1AD7AP910627', '2235DJC', 'GMC', 'Savana 2500', '2006'),
	('WAUGL78E08A559002', '3841CCH', 'Honda', 'Civic', '1989'),
	('NM0KS7AN7AT474384', '7236BDD', 'Toyota', 'T100', '1995'),
	('5XYKT3A1XDG439098', '8281BKL', 'Buick', 'Reatta', '1990'),
	('JN1AZ4EH4BM871367', '0271CCJ', 'Land Rover', 'Range Rover', '2008'),
	('1G4HP54KX5U608983', '3170MJH', 'Mercury', 'Tracer', '1995'),
	('137ZA83341E968151', '5932HDM', 'Dodge', 'Ram Van 1500', '1996'),
	('WAUJC58E25A808583', '9548LDB', 'Acura', 'TSX', '2006'),
	('WA1CMAFE5BD849458', '4063MKK', 'Acura', 'TSX', '2004'),
	('2D4RN7DG5BR880486', '2199LFJ', 'Honda', 'CR-V', '1998'),
	('WBAYB6C51ED461597', '4284NDK', 'Lexus', 'IS', '2001'),
	('1FTEX1C81AF999782', '9673GGM', 'Chevrolet', 'Corvette', '2012'),
	('1C3CDWEA4CD616470', '1482GHH', 'Subaru', 'Impreza', '2009'),
	('2HNYD28788H293426', '5579MJN', 'Kia', 'Sorento', '2004'),
	('TRUWX28N021349275', '5030MMG', 'Chevrolet', 'Silverado 1500', '2011'),
	('WBAKP9C56FD285995', '5995MDD', 'Honda', 'Accord', '1991'),
	('WAULC58E55A069430', '8889NDG', 'Dodge', 'Caravan', '2010'),
	('5TDBK3EHXDS619887', '5034GKG', 'Plymouth', 'Prowler', '2000'),
	('3GYEK62897G344027', '2666GKK', 'Nissan', 'Altima', '2000'),
	('SAJWA1EK7EM060835', '2084CCB', 'Chevrolet', 'Express 3500', '2006'),
	('2G4GL5EX2F9131370', '9274HJG', 'Lincoln', 'Navigator', '2009'),
	('SALFR2BGXEH645178', '5579DDL', 'Saab', '9-3', '2002'),
	('WBANA53585B672226', '2161HHN', 'Suzuki', 'Samurai', '1994'),
	('1G6DS5E36D0874423', '8040HCJ', 'Ford', 'Tempo', '1987'),
	('1D7RB1CP2AS976163', '4438GCH', 'Nissan', 'Leaf', '2012'),
	('1FTEW1CMXBK932722', '7259MLB', 'Toyota', 'Camry', '1994'),
	('JH4KC1F9XFC673928', '8186FMM', 'Mitsubishi', 'Pajero', '1994'),
	('1G6DP8E35C0293903', '8025KNH', 'Toyota', 'RAV4', '2011'),
	('WAUKH78E97A374764', '7186GNG', 'Audi', 'A8', '2009'),
	('WBAKE3C59CE852080', '8393BNH', 'Buick', 'LeSabre', '1989'),
	('3VWPG3AG0AM095114', '6621DMM', 'Mercury', 'Grand Marquis', '1985'),
	('WAUXU54B02N515899', '5939CCN', 'GMC', 'Savana 1500', '1999'),
	('WBALM7C50EE001500', '2484HNN', 'Smart', 'Fortwo', '2009'),
	('3C4PDDEG6CT738280', '8810HHF', 'Audi', 'S8', '2002'),
	('WBAYP9C5XED837491', '1345GCF', 'Ford', 'Econoline E150', '1995'),
	('WAUGL78E25A653961', '7519JDH', 'Dodge', 'Ram Van 1500', '2003'),
	('KMHGH4JH7DU123078', '2960FCH', 'Chevrolet', 'Blazer', '1999'),
	('5LMJJ2H57BE921076', '4296CMD', 'Mercury', 'Topaz', '1984'),
	('1GKS1AE06CR502519', '9306KGJ', 'Fillmore', 'Fillmore', '1960'),
	('WBA6A0C54ED182295', '7473DCC', 'Volvo', 'C70', '2006'),
	('5N1AT2MK2FC774398', '1440FGH', 'Volkswagen', 'Cabriolet', '1987'),
	('SCBBR9ZA0CC875910', '2283MNJ', 'Chevrolet', 'Prizm', '2001'),
	('4T3BA3BB3DU767137', '7974FBM', 'Cadillac', 'Eldorado', '2001'),
	('5UXKR2C56E0002438', '7367LCM', 'Ford', 'Expedition', '2009'),
	('WAUWFAFR0BA115826', '6129HFB', 'Honda', 'Passport', '1995'),
	('1G6DG8E58D0433154', '3293LKL', 'Acura', 'NSX', '2004'),
	('1C3CDFBB2FD290122', '9798JMH', 'Volkswagen', 'Type 2', '1988'),
	('WA1CGAFP2FA421749', '9725LMD', 'Lexus', 'ES', '2008'),
	('5N1AR2MM9FC611229', '5197LCC', 'Honda', 'Element', '2005'),
	('3VWKP7AJXCM277743', '5034LMK', 'Dodge', 'Ram 1500', '2010'),
	('JTJHY7AXXE4369719', '4545LKJ', 'Ford', 'Freestyle', '2007'),
	('WAUEH54B21N744353', '4099KML', 'Hyundai', 'Tiburon', '1998'),
	('2C4RDGDG8DR926394', '8475KJM', 'Mazda', 'RX-7', '1991'),
	('1G6DG8E58D0462931', '5591NJL', 'Ford', 'E350', '2010'),
	('1D7RE2BK7BS024697', '1415FHK', 'Mitsubishi', 'Outlander', '2003'),
	('WBA5A5C53ED857322', '4452HBN', 'Oldsmobile', 'Aurora', '1996'),
	('1N6AF0KY7EN360122', '3694JDG', 'Mitsubishi', 'Montero', '1994'),
	('1G6YV36A195590038', '7539KLN', 'GMC', 'Sierra 3500', '2011'),
	('SALAG2V61EA914714', '5000LJD', 'Infiniti', 'EX', '2012'),
	('1G6DF577480410301', '5795FBG', 'Dodge', 'Ram Van 2500', '1998');

INSERT INTO factura (codFactura, fechaEmision, fechaInicio, idTrabajador, idCliente, descuento, subTotalSinIVA, IVA, cantidadDescontadaSubtotalSinIVA, totalFactura) VALUES
	('3867103UJ3670G4984IT', '22/02/2023', '20/02/2023', '81643172A', '22647449Q', '10', '842.22', '21', '758.00', '917.18'),
	('9169993FO8059S3729BM', '23/02/2024', '21/02/2024', '22429821Z', '27789754G', '10', '1346.74', '21', '1212.07', '1466.60'),
	('3566760PH3728X7734PI', '20/02/2024', '12/02/2024', '42061040C', '07152774G', '10', '260.71', '21', '234.64', '283.91'),
	('9542873JB6166U4096YQ', '25/01/2024', '19/01/2024', '20148684V', 'D71794689', '15', '112.91', '21', '95.97', '116.13'),
	('2225305EU1675M2012YT', '12/02/2024', '08/02/2024', '83018442B', '38926825S', '0', '197.82', '21', '197.82', '239.36'),
	('4485341IX5815P4789OG', '14/02/2024', '12/02/2024', '81643172A', 'D71794689', '15', '1577.74', '21', '1341.08', '1622.71');

INSERT INTO lineaDeVenta (codLinea, codFactura, codPieza, cantidad, pvpUnitario, pvpTotal) VALUES
	('503174344852848', '3867103UJ3670G4984IT', 'EUJ222708A', '2', '39.91', '79.82'),
	('495525167501871', '3867103UJ3670G4984IT', 'RDX132117J', '1', '102.9', '102.9'),
	('338140974794965', '3867103UJ3670G4984IT', '7711279', '4', '148.9', '595.6'),
	('354295849236599', '3867103UJ3670G4984IT', 'BOL-M040002', '1', '63.9', '63.9'),
	('527775147198015', '9169993FO8059S3729BM', '0334962H', '2', '446.9', '893.8'),
	('910613596110600', '9169993FO8059S3729BM', 'EUJ222708A', '4', '39.91', '159.64'),
	('537850755649795', '9169993FO8059S3729BM', 'RDX132117J', '2', '102.9', '205.8'),
	('866703174713992', '9169993FO8059S3729BM', 'FCS134688L', '5', '17.5', '87.5'),
	('544234905154256', '3566760PH3728X7734PI', 'PRO-04220002', '1', '112.91', '112.91'),
	('10286598417528', '3566760PH3728X7734PI', 'VDB678003X', '1', '133.9', '133.9'),
	('988836086974840', '3566760PH3728X7734PI', 'NFG964288F', '1', '13.9', '13.9'),
	('528325082525159', '9542873JB6166U4096YQ', 'PRO-04220002', '1', '112.91', '112.91'),
	('331635178463025', '2225305EU1675M2012YT', '102091', '2', '98.91', '197.82'),
	('522165318969763', '4485341IX5815P4789OG', '108939', '1', '82.9', '82.9'),
	('498324845117244', '4485341IX5815P4789OG', 'TUP782394K', '4', '333.8', '1335.2'),
	('447794371334854', '4485341IX5815P4789OG', 'EUJ222708A', '4', '39.91', '159.64');

INSERT INTO pieza (referencia, nombre, marca, precio) VALUES
	('HLP356975W', 'PASTILLAS DE FRENO DELANTERAS', 'BOLK', '13.9'),
	('RIT033696Q', 'PASTILLAS DE FRENO DELANTERAS', 'VALEO', '30.5'),
	('EUJ222708A', 'PASTILLAS DE FRENO DELANTERAS', 'TRW', '39.91'),
	('VJB697915A', 'PASTILLAS DE FRENO DELANTERAS', 'TRISCAN', '74.9'),
	('RDX132117J', 'DISCOS DE FRENO DELANTEROS', 'BREMBO', '102.9'),
	('TUP782394K', 'DISCOS DE FRENO DELANTEROS', 'PAGID', '333.8'),
	('FCS134688L', 'ACEITE 5W30 1L', 'CASTROL', '17.5'),
	('UDC486202S', 'ACEITE 10W40 1L', 'BOLK', '4.6'),
	('BKX033395P', 'ACEITE 5W30 1L', 'BOLK', '6.5'),
	('NFG964288F', 'ACEITE 5W30 1L', 'HELIX', '13.9'),
	('JYV593020Y', 'KIT EMBRAGUE', 'BLUE PRINT', '203.9'),
	('WXS558295C', 'KIT EMBRAGUE', 'SACHS', '269.9'),
	('ZQC366941M', 'FILTRO DE ACEITE', 'BOLK', '3.9'),
	('JHO254912B', 'FILTRO DE ACEITE', 'PURFLUX', '13.5'),
	('RTS260429L', 'FILTRO DE ACEITE', 'QUINTON HAZELL', '5.9'),
	('LSS612653H', 'FILTRO DE ACEITE', 'WIX FILTERS', '12.5'),
	('VDB678003X', 'MOTOR DE ARRANQUE', 'HELLA', '133.9'),
	('PRO-04220002', 'BATERIA 70AH 760A', 'BOLK', '112.91'),
	('BOL-M040002', 'BATERIA 74AH 680A', 'BOLK', '63.9'),
	('QFA0923', 'FILTRO DE AIRE', 'QUINTON HAZELL', '11.5'),
	('V10-2671', 'FILTRO DE AIRE', 'VAICO', '14.9'),
	('F 026 400 178 / S 0178', 'FILTRO DE AIRE', 'BOSCH', '16.5'),
	('108939', 'FILTRO DE AIRE', 'K&N FILTERS', '82.9'),
	('1020972', 'NEUMATICO', 'HANKOOK', '97.9'),
	('102091', 'NEUMATICO', 'FALKEN', '98.91'),
	('771116', 'NEUMATICO', 'MICHELIN', '127.9'),
	('7711279', 'NEUMATICO', 'BRIDGESTONE', '148.9'),
	('1EL 009 648-401', 'FARO DELANTERO LED', 'HELLA', '434.9'),
	('901029', 'FARO DELANTERO LED', 'SPILU', '334.9'),
	('0334962H', 'FARO DELANTERO LED', 'VAN WEZEL', '446.9'),
	('44582', 'FARO DELANTERO LED', 'VALEO', '261.9');

INSERT INTO proveedor (cif, nombre, telefono, correo, municipio, provincia, direccion, numeroVia, cp) VALUES
	('D93442812', 'EXIBAM SL', '947470716', 'WT9JQAKJ8@JOURNALISM.COM', 'MONREAL/ELO', 'NAVARRA', 'URBANIZACIÓN MADRID', '26', '31666'),
	('D78242104', 'FITECH SL', '950994989', 'WWI2FJOQ5@EARTHLING.NET', 'TORRE DE DON MIGUEL', 'CÁCERES', 'CARRER CATALUNYA', '55', '10343'),
	('Q0802183D', 'MONOBLE SL', '920990144', 'ZEUB91T8@YAHOO.ES', 'MORASVERDES', 'SALAMANCA', 'POLÍGONO HORNO', '37', '37150'),
	('Q6119676B', 'CELLENS SA', '985124481', 'H1AL58W0CQ@HOTMAIL.COM', 'GISTAÍN', 'HUESCA', 'VIA REAL', '55', '22303'),
	('H85544351', 'ELECTRUGE SL', '962650317', '89UYAULY@MSN.COM', 'TITAGUAS', 'VALENCIA/VALÈNCIA', 'CAMÍ PEDRALBES', '84', '46586'),
	('P2116670G', 'MEDIKEN SL', '966174395', 'WQ3NFSAZU@TEACHER.COM', 'KORTEZUBI', 'BIZKAIA', 'ESTRADA DE ESPAÑA', '20', '48183'),
	('J17539248', 'RATIODEUS SL', '941316665', '8DNO1GT6DP@UNFORGETTABLE.COM', 'ARANCÓN', 'SORIA', 'CAMÍ IGLESIA', '69', '42481'),
	('J25009176', 'GENERES SL', '967183001', '4VOS6I0RO@MAIL.COM', 'PAREDES', 'CUENCA', 'TRAVESÍA NUEVA', '27', '16740'),
	('G24273328', 'NILSITE SL', '964059763', 'IA1I86U94T@NETSCAPE.COM', 'LANZAHÍTA', 'ÁVILA', 'CAMÍ HORNO', '31', '5194'),
	('Q3010022F', 'ECOREUX SL', '939578358', 'CJL3IXTBC@MSN.CO.UK', 'AULESTI', 'BIZKAIA', 'RÚA DE ESPAÑA', '9', '48036');

INSERT INTO trabajador (dni, nombre, apellido1, apellido2, fechaAlta, fechaBaja, sueldoBase, numTelefono) VALUES
	('90726543F', 'JUAN MIGUEL', 'PUENTE', 'GIMENO', '05/02/2019', '08/03/2020', '1200', '791891276'),
	('14488011N', 'AURELIO', 'NAVARRO', 'LAZARO', '21/11/2017', '08/03/2020', '1200', '638236048'),
	('81643172A', 'LUIS ANTONIO', 'PADILLA', 'ANTON', '12/07/2016', NULL, '1500', '602387898'),
	('53584143P', 'VERONICA', 'GARRIDO', 'SALGADO', '30/09/2018', '08/03/2020', '1200', '725162121'),
	('22429821Z', 'MARIA INMACULADA', 'BERMUDEZ', 'DOMENECH', '14/03/2015', NULL, '1750', '623903850'),
	('42061040C', 'JOSE ALBERTO', 'CAMPOS', 'PIÑERO', '28/05/2017', NULL, '1200', '750063974'),
	('56497613E', 'PILAR', 'COLLADO', 'PENA', '07/08/2019', '08/03/2020', '1200', '728280183'),
	('20148684V', 'ALFONSO', 'ZAMBRANO', 'REY', '15/08/2018', NULL, '1300', '708777719'),
	('83018442B', 'MARCELINO', 'ALONSO', 'CARMONA', '12/04/2018', NULL, '1300', '628510918'),
	('83606811V', 'FELIX', 'SANTIAGO', 'SANTIAGO', '30/09/2020', NULL, '1200', '718283749'),
	('51087314J', 'SAUL', 'SALAZAR', 'VALENZUELA', '07/08/2022', NULL, '1200', '657019772'),
	('36693482H', 'CONSOLACION', 'CARRETERO', 'GOMEZ', '08/08/2023', '08/08/2023', '1200', '669786842'),
	('87994971F', 'UNAI', 'MOLINA', 'SALAS', '09/08/2022', '09/08/2023', '1200', '736745434');